"Address","Word Count","Indexability","Indexability Status"
"https://leon-international.com/specialized/","195","Indexable",""
"https://leon-international.com/mechanical-repair/","190","Indexable",""
"https://leon-international.com/electrical/","196","Indexable",""
"https://leon-international.com/protective-coatings/","196","Indexable",""
"https://leon-international.com/hvac/","196","Indexable",""
"https://leon-international.com/motor-rewinding/","198","Indexable",""
"https://leon-international.com/ndt-inspection/","197","Indexable",""
"https://leon-international.com/contact/","59","Indexable",""
"https://leon-international.com/quote/","132","Indexable",""
