"Address","Occurrences","H1-1","H1-1 Length","Indexability","Indexability Status"
"https://leon-international.com/","1","Your Global Partner in Marine Engineering & Spare Parts","55","Indexable",""
"https://leon-international.com/specialized/","1","Specialized Marine Services","27","Indexable",""
"https://leon-international.com/air-lifting-balloon/","1","Air Lifting Balloon Services","28","Indexable",""
"https://leon-international.com/metal-stitching/","1","Cold Metal Stitching","20","Indexable",""
"https://leon-international.com/boiler-repair/","1","Marine Boiler Repair Services","29","Indexable",""
"https://leon-international.com/mtu-parts/","1","MTU Engine Parts & Spares","25","Indexable",""
"https://leon-international.com/privacy-policy/","1","Privacy Policy","14","Indexable",""
"https://leon-international.com/industrial-coatings/","1","Belzona & Industrial Coatings","29","Indexable",""
"https://leon-international.com/mechanical-repair/","1","Mechanical Repair & Reconditioning","34","Indexable",""
"https://leon-international.com/man-parts/","1","MAN B&W Engine Spare Parts","26","Indexable",""
"https://leon-international.com/electrical/","1","Marine Electrical & Electronics Services","40","Indexable",""
"https://leon-international.com/ultrasonic-gauging/","1","Ultrasonic Thickness Gauging (UTG)","34","Indexable",""
"https://leon-international.com/fabrication/","1","Steel & Pipe Fabrication","24","Indexable",""
"https://leon-international.com/custom-parts-fabrication/","1","Custom Spare Parts Fabrication","30","Indexable",""
"https://leon-international.com/volvo-penta-parts/","1","Volvo Penta Engine Spares","25","Indexable",""
"https://leon-international.com/deck-machinery-overhauling/","1","Deck Machinery Overhauling","26","Indexable",""
"https://leon-international.com/waukesha-parts/","1","Waukesha Engine Components","26","Indexable",""
"https://leon-international.com/protective-coatings/","1","Marine Protective Coatings & Sandblasting","41","Indexable",""
"https://leon-international.com/engine-parts/","1","Marine Engine Parts — OEM & Aftermarket","39","Indexable",""
"https://leon-international.com/spare-parts-supply/","1","Urgent Marine Spare Parts Supply","32","Indexable",""
"https://leon-international.com/petroleum-equipment/","1","Petroleum & Oilfield Equipment","30","Indexable",""
"https://leon-international.com/ship-repair/","1","Ship Repair & Dry Docking Services","34","Indexable",""
"https://leon-international.com/hvac/","1","Marine HVAC & Refrigeration Solutions","37","Indexable",""
"https://leon-international.com/main-engine-spares/","1","Main Engine Spare Parts","23","Indexable",""
"https://leon-international.com/steel-structure-fabrication/","1","Steel Structure Fabrication","27","Indexable",""
"https://leon-international.com/motor-rewinding/","1","Electric Motor Rewinding","24","Indexable",""
"https://leon-international.com/explosion-proof/","1","Explosion-Proof (Ex) Equipment","30","Indexable",""
"https://leon-international.com/pcb-card-repair/","1","Marine PCB Card Repair","22","Indexable",""
"https://leon-international.com/products/","1","Products & Spares","17","Indexable",""
"https://leon-international.com/ac-plant-repair/","1","Marine AC Plant Repair","22","Indexable",""
"https://leon-international.com/perkins-parts/","1","Perkins Marine Engines & Spares","31","Indexable",""
"https://leon-international.com/hydraulic-pump-overhauling/","1","Hydraulic Pump & System Overhaul","32","Indexable",""
"https://leon-international.com/diesel-generators/","1","Marine Diesel Generators","24","Indexable",""
"https://leon-international.com/dry-docking-slts/","1","Dry Docking & SLTS Services","27","Indexable",""
"https://leon-international.com/caterpillar-parts/","1","Caterpillar (CAT) Marine Parts","30","Indexable",""
"https://leon-international.com/electrical-equipment/","1","Marine Electrical Equipment","27","Indexable",""
"https://leon-international.com/main-engine-generator-repair/","1","Main Engine & Generator Overhaul","32","Indexable",""
"https://leon-international.com/ultrasonic-flaw-detection/","1","Ultrasonic Flaw Detection (UFD)","31","Indexable",""
"https://leon-international.com/hatch-cover-testing/","1","Hatch Cover Ultrasonic Testing","30","Indexable",""
"https://leon-international.com/major-ship-repair/","1","Major Ship Repair Projects","26","Indexable",""
"https://leon-international.com/deutz-parts/","1","DEUTZ Marine Engine Parts","25","Indexable",""
"https://leon-international.com/dye-penetrant-testing/","1","Dye Penetrant / Liquid Penetrant Testing","40","Indexable",""
"https://leon-international.com/ndt-inspection/","1","NDT Inspection & Calibration Services","37","Indexable",""
"https://leon-international.com/crane-inspection/","1","Comprehensive Crane Inspection","30","Indexable",""
"https://leon-international.com/purifiers/","1","Oil Purifiers & Separators","26","Indexable",""
"https://leon-international.com/welding-services/","1","Class-Approved Marine Welding","29","Indexable",""
"https://leon-international.com/gyro-compass-overhauling/","1","Gyro Compass Maintenance","24","Indexable",""
"https://leon-international.com/sandblasting/","1","Marine Sandblasting & Surface Prep","34","Indexable",""
"https://leon-international.com/navigation-systems/","1","Navigation & Communication Systems","34","Indexable",""
"https://leon-international.com/magnetic-particle-inspection/","1","Magnetic Particle Inspection (MPI)","34","Indexable",""
"https://leon-international.com/projects/","1","Our Projects","12","Indexable",""
"https://leon-international.com/cummins-parts/","1","Cummins Marine Engine Parts","27","Indexable",""
"https://leon-international.com/about/","1","About Leon International","24","Indexable",""
"https://leon-international.com/air-compressors/","1","Marine Air Compressors & Spares","31","Indexable",""
"https://leon-international.com/contact/","1","Contact Us","10","Indexable",""
"https://leon-international.com/hardness-testing/","1","Metal Hardness Testing","22","Indexable",""
"https://leon-international.com/mwm-parts/","1","MWM Engine Replacement Parts","28","Indexable",""
"https://leon-international.com/auxiliary-engines/","1","Auxiliary Engine Spares","23","Indexable",""
"https://leon-international.com/terms-conditions/","1","Terms & Conditions","18","Indexable",""
"https://leon-international.com/blog/","1","Insights & Resources","20","Indexable",""
"https://leon-international.com/turbocharger-spares/","1","Turbocharger Repair & Spares","28","Indexable",""
"https://leon-international.com/buoys-fabrication/","1","Custom Buoy Fabrication","23","Indexable",""
"https://leon-international.com/vessel-repair-anchorage/","1","Vessel Repair at Anchorage","26","Indexable",""
"https://leon-international.com/marine-tools-calibration/","1","Marine Tools & Equipment Calibration","36","Indexable",""
"https://leon-international.com/cold-storage-repair/","1","Cold Storage Refrigeration Service","34","Indexable",""
"https://leon-international.com/deck-machinery/","1","Deck Machinery & Winch Spares","29","Indexable",""
"https://leon-international.com/propulsion-systems/","1","Propulsion Systems & Shafts","27","Indexable",""
"https://leon-international.com/hydraulic-equipment/","1","Marine Hydraulic Parts","22","Indexable",""
"https://leon-international.com/windlass-repair/","1","Windlass & Mooring Winch Repair","31","Indexable",""
"https://leon-international.com/crane-load-test/","1","Marine Crane Load Testing","25","Indexable",""
"https://leon-international.com/power-plant/","1","Power Plant Equipment Supply","28","Indexable",""
"https://leon-international.com/transformer-rewinding/","1","Transformer Rewinding Services","30","Indexable",""
"https://leon-international.com/services/","1","Our Services","12","Indexable",""
"https://leon-international.com/electrical-equipment-repair/","1","Electrical Equipment Repair","27","Indexable",""
"https://leon-international.com/quote/","1","Request a Free Quote","20","Indexable",""
