"Address","Occurrences","H2-1","H2-1 Length","H2-2","H2-2 Length","Indexability","Indexability Status"
"https://leon-international.com/","2","Comprehensive Marine Engineering & Spare Parts","46","Comprehensive Marine & Industrial Services","42","Indexable",""
"https://leon-international.com/specialized/","2","About Our Specialized Marine Services","37","Frequently Asked Questions","26","Indexable",""
"https://leon-international.com/air-lifting-balloon/","2","About Our Air Lifting Balloon Services","38","Frequently Asked Questions","26","Indexable",""
"https://leon-international.com/metal-stitching/","2","About Our Cold Metal Stitching","30","Frequently Asked Questions","26","Indexable",""
"https://leon-international.com/boiler-repair/","2","About Our Marine Boiler Repair Services","39","Frequently Asked Questions","26","Indexable",""
"https://leon-international.com/mtu-parts/","2","About Our MTU Engine Parts & Spares","35","Frequently Asked Questions","26","Indexable",""
"https://leon-international.com/privacy-policy/","2","1. Introduction","15","2. Information We Collect","25","Indexable",""
"https://leon-international.com/industrial-coatings/","2","About Our Belzona & Industrial Coatings","39","Frequently Asked Questions","26","Indexable",""
"https://leon-international.com/mechanical-repair/","2","About Our Mechanical Repair & Reconditioning","44","Frequently Asked Questions","26","Indexable",""
"https://leon-international.com/man-parts/","2","About Our MAN B&W Engine Spare Parts","36","Frequently Asked Questions","26","Indexable",""
"https://leon-international.com/electrical/","2","About Our Marine Electrical & Electronics Services","50","Frequently Asked Questions","26","Indexable",""
"https://leon-international.com/ultrasonic-gauging/","2","About Our Ultrasonic Thickness Gauging (UTG)","44","Frequently Asked Questions","26","Indexable",""
"https://leon-international.com/fabrication/","2","Precision Marine Steel Engineering","34","Frequently Asked Questions","26","Indexable",""
"https://leon-international.com/custom-parts-fabrication/","2","About Our Custom Spare Parts Fabrication","40","Frequently Asked Questions","26","Indexable",""
"https://leon-international.com/volvo-penta-parts/","2","About Our Volvo Penta Engine Spares","35","Frequently Asked Questions","26","Indexable",""
"https://leon-international.com/deck-machinery-overhauling/","2","About Our Deck Machinery Overhauling","36","Frequently Asked Questions","26","Indexable",""
"https://leon-international.com/waukesha-parts/","2","About Our Waukesha Engine Components","36","Frequently Asked Questions","26","Indexable",""
"https://leon-international.com/protective-coatings/","2","About Our Marine Protective Coatings & Sandblasting","51","Frequently Asked Questions","26","Indexable",""
"https://leon-international.com/engine-parts/","2","About Our Marine Engine Parts","29","Frequently Asked Questions","26","Indexable",""
"https://leon-international.com/spare-parts-supply/","2","About Our Urgent Marine Spare Parts Supply","42","Frequently Asked Questions","26","Indexable",""
"https://leon-international.com/petroleum-equipment/","2","About Our Petroleum & Oilfield Equipment","40","Frequently Asked Questions","26","Indexable",""
"https://leon-international.com/ship-repair/","2","About Our Ship Repair & Dry Docking Services","44","Frequently Asked Questions","26","Indexable",""
"https://leon-international.com/hvac/","2","About Our Marine HVAC & Refrigeration Solutions","47","Frequently Asked Questions","26","Indexable",""
"https://leon-international.com/main-engine-spares/","2","About Our Main Engine Spare Parts","33","Frequently Asked Questions","26","Indexable",""
"https://leon-international.com/steel-structure-fabrication/","2","Heavy-Duty Maritime Structural Integrity","40","Frequently Asked Questions","26","Indexable",""
"https://leon-international.com/motor-rewinding/","2","About Our Electric Motor Rewinding","34","Frequently Asked Questions","26","Indexable",""
"https://leon-international.com/explosion-proof/","2","About Our Explosion-Proof (Ex) Equipment","40","Frequently Asked Questions","26","Indexable",""
"https://leon-international.com/pcb-card-repair/","2","About Our Marine PCB Card Repair","32","Frequently Asked Questions","26","Indexable",""
"https://leon-international.com/products/","2","Equipment Sourcing","18","Need Parts or Repair Service?","29","Indexable",""
"https://leon-international.com/ac-plant-repair/","2","About Our Marine AC Plant Repair","32","Frequently Asked Questions","26","Indexable",""
"https://leon-international.com/perkins-parts/","2","About Our Perkins Marine Engines & Spares","41","Frequently Asked Questions","26","Indexable",""
"https://leon-international.com/hydraulic-pump-overhauling/","2","About Our Hydraulic Pump & System Overhaul","42","Frequently Asked Questions","26","Indexable",""
"https://leon-international.com/diesel-generators/","2","About Our Marine Diesel Generators","34","Frequently Asked Questions","26","Indexable",""
"https://leon-international.com/dry-docking-slts/","2","Precision Engineering for Optimal Performance","45","Frequently Asked Questions","26","Indexable",""
"https://leon-international.com/caterpillar-parts/","2","About Our Caterpillar (CAT) Marine Parts","40","Frequently Asked Questions","26","Indexable",""
"https://leon-international.com/electrical-equipment/","2","About Our Marine Electrical Equipment","37","Frequently Asked Questions","26","Indexable",""
"https://leon-international.com/main-engine-generator-repair/","2","About Our Main Engine & Generator Overhaul","42","Frequently Asked Questions","26","Indexable",""
"https://leon-international.com/ultrasonic-flaw-detection/","2","About Our Ultrasonic Flaw Detection (UFD)","41","Frequently Asked Questions","26","Indexable",""
"https://leon-international.com/hatch-cover-testing/","2","About Our Hatch Cover Ultrasonic Testing","40","Frequently Asked Questions","26","Indexable",""
"https://leon-international.com/major-ship-repair/","2","Comprehensive Ship Repair Facilities in Karachi","47","Frequently Asked Questions","26","Indexable",""
"https://leon-international.com/deutz-parts/","2","About Our DEUTZ Marine Engine Parts","35","Frequently Asked Questions","26","Indexable",""
"https://leon-international.com/dye-penetrant-testing/","2","About Our Dye Penetrant / Liquid Penetrant Testing","50","Frequently Asked Questions","26","Indexable",""
"https://leon-international.com/ndt-inspection/","2","About Our NDT Inspection & Calibration Services","47","Frequently Asked Questions","26","Indexable",""
"https://leon-international.com/crane-inspection/","2","About Our Comprehensive Crane Inspection","40","Frequently Asked Questions","26","Indexable",""
"https://leon-international.com/purifiers/","2","About Our Oil Purifiers & Separators","36","Frequently Asked Questions","26","Indexable",""
"https://leon-international.com/welding-services/","2","Precision Metal & Gas Welding Solutions","39","Frequently Asked Questions","26","Indexable",""
"https://leon-international.com/gyro-compass-overhauling/","2","About Our Gyro Compass Maintenance","34","Frequently Asked Questions","26","Indexable",""
"https://leon-international.com/sandblasting/","2","About Our Marine Sandblasting & Surface Prep","44","Frequently Asked Questions","26","Indexable",""
"https://leon-international.com/navigation-systems/","2","About Our Navigation & Communication Systems","44","Frequently Asked Questions","26","Indexable",""
"https://leon-international.com/magnetic-particle-inspection/","2","About Our Magnetic Particle Inspection (MPI)","44","Frequently Asked Questions","26","Indexable",""
"https://leon-international.com/cummins-parts/","2","About Our Cummins Marine Engine Parts","37","Frequently Asked Questions","26","Indexable",""
"https://leon-international.com/about/","2","Our Story","9","Our Values","10","Indexable",""
"https://leon-international.com/air-compressors/","2","About Our Marine Air Compressors & Spares","41","Frequently Asked Questions","26","Indexable",""
"https://leon-international.com/contact/","2","Send Us a Message","17","Footer","6","Indexable",""
"https://leon-international.com/hardness-testing/","2","About Our Metal Hardness Testing","32","Frequently Asked Questions","26","Indexable",""
"https://leon-international.com/mwm-parts/","2","About Our MWM Engine Replacement Parts","38","Frequently Asked Questions","26","Indexable",""
"https://leon-international.com/auxiliary-engines/","2","About Our Auxiliary Engine Spares","33","Frequently Asked Questions","26","Indexable",""
"https://leon-international.com/terms-conditions/","2","1. Agreement to Terms","21","2. Services Representation","26","Indexable",""
"https://leon-international.com/blog/","2","Emergency Ship Repair at Anchorage: What to Do When Your Main Engine Fails","74","OEM vs. Aftermarket Marine Engine Spares: Which is Safer for Commercial Vessels?","80","Indexable",""
"https://leon-international.com/turbocharger-spares/","2","About Our Turbocharger Repair & Spares","38","Frequently Asked Questions","26","Indexable",""
"https://leon-international.com/buoys-fabrication/","2","Heavy-Duty Offshore Mooring Solutions","37","Frequently Asked Questions","26","Indexable",""
"https://leon-international.com/vessel-repair-anchorage/","2","Rapid Response Mobile Maritime Engineering","42","Frequently Asked Questions","26","Indexable",""
"https://leon-international.com/marine-tools-calibration/","2","About Our Marine Tools & Equipment Calibration","46","Frequently Asked Questions","26","Indexable",""
"https://leon-international.com/cold-storage-repair/","2","About Our Cold Storage Refrigeration Service","44","Frequently Asked Questions","26","Indexable",""
"https://leon-international.com/deck-machinery/","2","About Our Deck Machinery & Winch Spares","39","Frequently Asked Questions","26","Indexable",""
"https://leon-international.com/propulsion-systems/","2","About Our Propulsion Systems & Shafts","37","Frequently Asked Questions","26","Indexable",""
"https://leon-international.com/hydraulic-equipment/","2","About Our Marine Hydraulic Parts","32","Frequently Asked Questions","26","Indexable",""
"https://leon-international.com/windlass-repair/","2","About Our Windlass & Mooring Winch Repair","41","Frequently Asked Questions","26","Indexable",""
"https://leon-international.com/crane-load-test/","2","About Our Marine Crane Load Testing","35","Frequently Asked Questions","26","Indexable",""
"https://leon-international.com/power-plant/","2","About Our Power Plant Equipment Supply","38","Frequently Asked Questions","26","Indexable",""
"https://leon-international.com/transformer-rewinding/","2","About Our Transformer Rewinding Services","40","Frequently Asked Questions","26","Indexable",""
"https://leon-international.com/services/","2","Comprehensive Marine & Industrial Services","42","Need Parts or Repair Service?","29","Indexable",""
"https://leon-international.com/electrical-equipment-repair/","2","About Our Electrical Equipment Repair","37","Frequently Asked Questions","26","Indexable",""
"https://leon-international.com/quote/","2","Your Contact Details","20","Footer","6","Indexable",""
