"Address","Content Type","IMG Inlinks","Indexability","Indexability Status","Dimensions"
"https://leon-international.com/_next/image/?url=%2FBrands%2FWauk.webp&w=3840&q=75","image/jpeg","1","Indexable","",""
"https://leon-international.com/Brands/b/Logo_Argosy-Shipping-Logistics.jpg","image/jpeg","4","Indexable","",""
"https://leon-international.com/images/main-engine-generator-repair/banner.webp","image/webp","1","Indexable","",""
"https://leon-international.com/images/dye-penetrant-testing/banner.webp","image/webp","1","Indexable","",""
"https://leon-international.com/_next/image/?url=%2Fimages%2Fac-plant-repair%2Fcomponent.webp&w=3840&q=75","image/webp","1","Indexable","",""
"https://leon-international.com/_next/image/?url=%2Fimages%2Fcrane-inspection%2Fcomponent.webp&w=3840&q=75","image/webp","1","Indexable","",""
"https://leon-international.com/images/deck-machinery-overhauling/banner.webp","image/webp","1","Indexable","",""
"https://leon-international.com/_next/image/?url=%2Fimages%2Fcrane-load-test%2Fcomponent.webp&w=3840&q=75","image/webp","1","Indexable","",""
"https://leon-international.com/images/ac-plant-repair/banner.webp","image/webp","1","Indexable","",""
"https://leon-international.com/_next/image/?url=%2Fimages%2Fspecialized%2Fcomponent-v2.webp&w=3840&q=75","image/webp","1","Indexable","",""
"https://leon-international.com/images/ndt-inspection/banner.webp","image/webp","1","Indexable","",""
"https://leon-international.com/_next/image/?url=%2Fimages%2Fcold-storage-repair%2Fcomponent.webp&w=3840&q=75","image/webp","1","Indexable","",""
"https://leon-international.com/images/crane-inspection/banner.webp","image/webp","1","Indexable","",""
"https://leon-international.com/_next/image/?url=%2Fimages%2Fgyro-compass-overhauling%2Fcomponent.webp&w=3840&q=75","image/webp","1","Indexable","",""
"https://leon-international.com/images/sandblasting/banner.webp","image/webp","1","Indexable","",""
"https://leon-international.com/images/chemical-supplies/banner.webp","image/webp","1","Indexable","",""
"https://leon-international.com/images/hvac/banner.webp","image/webp","1","Indexable","",""
"https://leon-international.com/_next/image/?url=https%3A%2F%2Fimages.unsplash.com%2Fphoto-1582213782179-e0d53f98f2ca%3Fq%3D80%26w%3D2000%26auto%3Dformat%26fit%3Dcrop&w=3840&q=75","image/jpeg","1","Indexable","",""
"https://leon-international.com/_next/image/?url=%2Fimages%2Fndt-inspection%2Fcomponent.webp&w=3840&q=75","image/webp","1","Indexable","",""
"https://leon-international.com/images/protective-coatings/banner.webp","image/webp","1","Indexable","",""
"https://leon-international.com/images/mechanical-repair/banner.webp","image/webp","1","Indexable","",""
"https://leon-international.com/_next/image/?url=https%3A%2F%2Fimages.unsplash.com%2Fphoto-1504917595217-d4dc5ebe6122%3Fq%3D80%26w%3D2000%26auto%3Dformat%26fit%3Dcrop&w=3840&q=75","image/jpeg","1","Indexable","",""
"https://leon-international.com/images/windlass-repair/banner.webp","image/webp","1","Indexable","",""
"https://leon-international.com/_next/image/?url=%2Fimages%2Fsandblasting%2Fcomponent.webp&w=3840&q=75","image/webp","1","Indexable","",""
"https://leon-international.com/_next/image/?url=%2Fimages%2Fultrasonic-gauging%2Fcomponent.webp&w=3840&q=75","image/webp","1","Indexable","",""
"https://leon-international.com/images/custom-parts-fabrication/banner.webp","image/webp","1","Indexable","",""
"https://leon-international.com/images/boiler-repair/banner.webp","image/webp","1","Indexable","",""
"https://leon-international.com/images/ultrasonic-gauging/banner.webp","image/webp","1","Indexable","",""
"https://leon-international.com/images/hatch-cover-testing/banner.webp","image/webp","1","Indexable","",""
"https://leon-international.com/_next/image/?url=%2Fimages%2Fmetal-stitching%2Fcomponent.webp&w=3840&q=75","image/webp","1","Indexable","",""
"https://leon-international.com/images/ultrasonic-flaw-detection/banner.webp","image/webp","1","Indexable","",""
"https://leon-international.com/_next/image/?url=https%3A%2F%2Fimages.unsplash.com%2Fphoto-1581092335397-9583eb92d232%3Fq%3D80%26w%3D2000%26auto%3Dformat%26fit%3Dcrop&w=3840&q=75","image/jpeg","1","Indexable","",""
"https://leon-international.com/images/crane-load-test/banner.webp","image/webp","1","Indexable","",""
"https://leon-international.com/images/transformer-rewinding/banner.webp","image/webp","1","Indexable","",""
"https://leon-international.com/_next/image/?url=%2Fimages%2Fhvac%2Fcomponent.webp&w=3840&q=75","image/webp","1","Indexable","",""
"https://leon-international.com/_next/image/?url=%2Fimages%2Fdeck-machinery-overhauling%2Fcomponent.webp&w=3840&q=75","image/webp","1","Indexable","",""
"https://leon-international.com/_next/image/?url=%2Fimages%2Fdye-penetrant-testing%2Fcomponent.webp&w=3840&q=75","image/webp","1","Indexable","",""
"https://leon-international.com/images/specialized/banner-v2.webp","image/webp","1","Indexable","",""
"https://leon-international.com/images/spare-parts-supply/banner.webp","image/webp","1","Indexable","",""
"https://leon-international.com/_next/image/?url=https%3A%2F%2Fimages.unsplash.com%2Fphoto-1581091226825-a6a2a5aee158%3Fq%3D80%26w%3D2000%26auto%3Dformat%26fit%3Dcrop&w=3840&q=75","image/jpeg","1","Indexable","",""
"https://leon-international.com/images/metal-stitching/banner.webp","image/webp","1","Indexable","",""
"https://leon-international.com/_next/image/?url=%2Fimages%2Findustrial-coatings%2Fcomponent.webp&w=3840&q=75","image/webp","1","Indexable","",""
"https://leon-international.com/_next/image/?url=%2Fimages%2Fultrasonic-flaw-detection%2Fcomponent-v2.webp&w=3840&q=75","image/webp","1","Indexable","",""
"https://leon-international.com/images/industrial-coatings/banner.webp","image/webp","1","Indexable","",""
"https://leon-international.com/_next/image/?url=https%3A%2F%2Fimages.unsplash.com%2Fphoto-1581092160562-40aa08e78837%3Fq%3D80%26w%3D2000%26auto%3Dformat%26fit%3Dcrop&w=3840&q=75","image/jpeg","1","Indexable","",""
"https://leon-international.com/images/gyro-compass-overhauling/banner.webp","image/webp","1","Indexable","",""
"https://leon-international.com/images/magnetic-particle-inspection/banner.webp","image/webp","1","Indexable","",""
"https://leon-international.com/images/hardness-testing/banner.webp","image/webp","1","Indexable","",""
"https://leon-international.com/_next/image/?url=%2Fimages%2Fprotective-coatings%2Fcomponent.webp&w=3840&q=75","image/webp","1","Indexable","",""
"https://leon-international.com/images/cold-storage-repair/banner.webp","image/webp","1","Indexable","",""
"https://leon-international.com/_next/image/?url=%2Fimages%2Fhardness-testing%2Fcomponent.webp&w=3840&q=75","image/webp","1","Indexable","",""
"https://leon-international.com/images/food-supply-chain-support/banner.webp","image/webp","1","Indexable","",""
"https://images.unsplash.com/photo-1504917595217-d4dc5ebe6122?q=80&w=1000&auto=format&fit=crop","image/jpeg","1","Indexable","",""
"https://images.unsplash.com/photo-1582213782179-e0d53f98f2ca?q=80&w=1000&auto=format&fit=crop","image/jpeg","1","Indexable","",""
"https://images.unsplash.com/photo-1581091226825-a6a2a5aee158?q=80&w=1000&auto=format&fit=crop","image/jpeg","1","Indexable","",""
