"Type","Source","Destination","Size (Bytes)"
"Image","https://leon-international.com/","https://leon-international.com/_next/image/?url=%2FBrands%2FWauk.webp&w=3840&q=75","118147"
"Image","https://leon-international.com/","https://leon-international.com/Brands/b/Logo_Argosy-Shipping-Logistics.jpg","296815"
"Image","https://leon-international.com/","https://leon-international.com/Brands/b/Logo_Argosy-Shipping-Logistics.jpg","296815"
"Image","https://leon-international.com/about/","https://leon-international.com/Brands/b/Logo_Argosy-Shipping-Logistics.jpg","296815"
"Image","https://leon-international.com/about/","https://leon-international.com/Brands/b/Logo_Argosy-Shipping-Logistics.jpg","296815"
"Image","https://leon-international.com/main-engine-generator-repair/","https://leon-international.com/images/main-engine-generator-repair/banner.webp","109324"
"Image","https://leon-international.com/dye-penetrant-testing/","https://leon-international.com/images/dye-penetrant-testing/banner.webp","173064"
"Image","https://leon-international.com/ac-plant-repair/","https://leon-international.com/_next/image/?url=%2Fimages%2Fac-plant-repair%2Fcomponent.webp&w=3840&q=75","135408"
"Image","https://leon-international.com/crane-inspection/","https://leon-international.com/_next/image/?url=%2Fimages%2Fcrane-inspection%2Fcomponent.webp&w=3840&q=75","151074"
"Image","https://leon-international.com/deck-machinery-overhauling/","https://leon-international.com/images/deck-machinery-overhauling/banner.webp","221594"
"Image","https://leon-international.com/crane-load-test/","https://leon-international.com/_next/image/?url=%2Fimages%2Fcrane-load-test%2Fcomponent.webp&w=3840&q=75","141408"
"Image","https://leon-international.com/ac-plant-repair/","https://leon-international.com/images/ac-plant-repair/banner.webp","261678"
"Image","https://leon-international.com/specialized/","https://leon-international.com/_next/image/?url=%2Fimages%2Fspecialized%2Fcomponent-v2.webp&w=3840&q=75","124516"
"Image","https://leon-international.com/ndt-inspection/","https://leon-international.com/images/ndt-inspection/banner.webp","238654"
"Image","https://leon-international.com/cold-storage-repair/","https://leon-international.com/_next/image/?url=%2Fimages%2Fcold-storage-repair%2Fcomponent.webp&w=3840&q=75","118540"
"Image","https://leon-international.com/crane-inspection/","https://leon-international.com/images/crane-inspection/banner.webp","281822"
"Image","https://leon-international.com/gyro-compass-overhauling/","https://leon-international.com/_next/image/?url=%2Fimages%2Fgyro-compass-overhauling%2Fcomponent.webp&w=3840&q=75","110086"
"Image","https://leon-international.com/sandblasting/","https://leon-international.com/images/sandblasting/banner.webp","271640"
"Image","https://leon-international.com/chemical-supplies/","https://leon-international.com/images/chemical-supplies/banner.webp","123088"
"Image","https://leon-international.com/hvac/","https://leon-international.com/images/hvac/banner.webp","261730"
"Image","https://leon-international.com/projects/","https://leon-international.com/_next/image/?url=https%3A%2F%2Fimages.unsplash.com%2Fphoto-1582213782179-e0d53f98f2ca%3Fq%3D80%26w%3D2000%26auto%3Dformat%26fit%3Dcrop&w=3840&q=75","195089"
"Image","https://leon-international.com/ndt-inspection/","https://leon-international.com/_next/image/?url=%2Fimages%2Fndt-inspection%2Fcomponent.webp&w=3840&q=75","111688"
"Image","https://leon-international.com/protective-coatings/","https://leon-international.com/images/protective-coatings/banner.webp","234668"
"Image","https://leon-international.com/mechanical-repair/","https://leon-international.com/images/mechanical-repair/banner.webp","121908"
"Image","https://leon-international.com/projects/","https://leon-international.com/_next/image/?url=https%3A%2F%2Fimages.unsplash.com%2Fphoto-1504917595217-d4dc5ebe6122%3Fq%3D80%26w%3D2000%26auto%3Dformat%26fit%3Dcrop&w=3840&q=75","197024"
"Image","https://leon-international.com/windlass-repair/","https://leon-international.com/images/windlass-repair/banner.webp","121908"
"Image","https://leon-international.com/sandblasting/","https://leon-international.com/_next/image/?url=%2Fimages%2Fsandblasting%2Fcomponent.webp&w=3840&q=75","166542"
"Image","https://leon-international.com/ultrasonic-gauging/","https://leon-international.com/_next/image/?url=%2Fimages%2Fultrasonic-gauging%2Fcomponent.webp&w=3840&q=75","146840"
"Image","https://leon-international.com/custom-parts-fabrication/","https://leon-international.com/images/custom-parts-fabrication/banner.webp","108844"
"Image","https://leon-international.com/boiler-repair/","https://leon-international.com/images/boiler-repair/banner.webp","111646"
"Image","https://leon-international.com/ultrasonic-gauging/","https://leon-international.com/images/ultrasonic-gauging/banner.webp","202178"
"Image","https://leon-international.com/hatch-cover-testing/","https://leon-international.com/images/hatch-cover-testing/banner.webp","193214"
"Image","https://leon-international.com/metal-stitching/","https://leon-international.com/_next/image/?url=%2Fimages%2Fmetal-stitching%2Fcomponent.webp&w=3840&q=75","164830"
"Image","https://leon-international.com/ultrasonic-flaw-detection/","https://leon-international.com/images/ultrasonic-flaw-detection/banner.webp","202824"
"Image","https://leon-international.com/projects/","https://leon-international.com/_next/image/?url=https%3A%2F%2Fimages.unsplash.com%2Fphoto-1581092335397-9583eb92d232%3Fq%3D80%26w%3D2000%26auto%3Dformat%26fit%3Dcrop&w=3840&q=75","114236"
"Image","https://leon-international.com/crane-load-test/","https://leon-international.com/images/crane-load-test/banner.webp","256592"
"Image","https://leon-international.com/transformer-rewinding/","https://leon-international.com/images/transformer-rewinding/banner.webp","110914"
"Image","https://leon-international.com/hvac/","https://leon-international.com/_next/image/?url=%2Fimages%2Fhvac%2Fcomponent.webp&w=3840&q=75","111560"
"Image","https://leon-international.com/deck-machinery-overhauling/","https://leon-international.com/_next/image/?url=%2Fimages%2Fdeck-machinery-overhauling%2Fcomponent.webp&w=3840&q=75","140424"
"Image","https://leon-international.com/dye-penetrant-testing/","https://leon-international.com/_next/image/?url=%2Fimages%2Fdye-penetrant-testing%2Fcomponent.webp&w=3840&q=75","120598"
"Image","https://leon-international.com/specialized/","https://leon-international.com/images/specialized/banner-v2.webp","347790"
"Image","https://leon-international.com/spare-parts-supply/","https://leon-international.com/images/spare-parts-supply/banner.webp","125962"
"Image","https://leon-international.com/projects/","https://leon-international.com/_next/image/?url=https%3A%2F%2Fimages.unsplash.com%2Fphoto-1581091226825-a6a2a5aee158%3Fq%3D80%26w%3D2000%26auto%3Dformat%26fit%3Dcrop&w=3840&q=75","267725"
"Image","https://leon-international.com/metal-stitching/","https://leon-international.com/images/metal-stitching/banner.webp","303972"
"Image","https://leon-international.com/industrial-coatings/","https://leon-international.com/_next/image/?url=%2Fimages%2Findustrial-coatings%2Fcomponent.webp&w=3840&q=75","120382"
"Image","https://leon-international.com/ultrasonic-flaw-detection/","https://leon-international.com/_next/image/?url=%2Fimages%2Fultrasonic-flaw-detection%2Fcomponent-v2.webp&w=3840&q=75","117730"
"Image","https://leon-international.com/industrial-coatings/","https://leon-international.com/images/industrial-coatings/banner.webp","351862"
"Image","https://leon-international.com/projects/","https://leon-international.com/_next/image/?url=https%3A%2F%2Fimages.unsplash.com%2Fphoto-1581092160562-40aa08e78837%3Fq%3D80%26w%3D2000%26auto%3Dformat%26fit%3Dcrop&w=3840&q=75","154464"
"Image","https://leon-international.com/gyro-compass-overhauling/","https://leon-international.com/images/gyro-compass-overhauling/banner.webp","236208"
"Image","https://leon-international.com/magnetic-particle-inspection/","https://leon-international.com/images/magnetic-particle-inspection/banner.webp","152236"
"Image","https://leon-international.com/hardness-testing/","https://leon-international.com/images/hardness-testing/banner.webp","235516"
"Image","https://leon-international.com/protective-coatings/","https://leon-international.com/_next/image/?url=%2Fimages%2Fprotective-coatings%2Fcomponent.webp&w=3840&q=75","138480"
"Image","https://leon-international.com/cold-storage-repair/","https://leon-international.com/images/cold-storage-repair/banner.webp","248688"
"Image","https://leon-international.com/hardness-testing/","https://leon-international.com/_next/image/?url=%2Fimages%2Fhardness-testing%2Fcomponent.webp&w=3840&q=75","132028"
"Image","https://leon-international.com/food-supply-chain-support/","https://leon-international.com/images/food-supply-chain-support/banner.webp","138654"
"Image","https://leon-international.com/blog/crane-load-testing-importance/","https://images.unsplash.com/photo-1504917595217-d4dc5ebe6122?q=80&w=1000&auto=format&fit=crop","122934"
"Image","https://leon-international.com/blog/industrial-protective-coatings/","https://images.unsplash.com/photo-1582213782179-e0d53f98f2ca?q=80&w=1000&auto=format&fit=crop","111516"
"Image","https://leon-international.com/blog/oem-vs-aftermarket-marine-spares/","https://images.unsplash.com/photo-1581091226825-a6a2a5aee158?q=80&w=1000&auto=format&fit=crop","149844"
