"Address","Content Type","Status Code","Status","HTTP Version","Indexability","Indexability Status","Canonical Link Element 1","Meta Robots 1","Meta Robots 2","X-Robots-Tag 1"
"https://leon-international.com/","text/html; charset=utf-8","200","OK","1.1","Indexable","","https://leon-international.com/","index, follow","index, follow, max-video-preview:-1, max-image-preview:large, max-snippet:-1","index, follow, max-image-preview:large, max-snippet:-1, max-video-preview:-1"
"https://leon-international.com/_next/image/?url=%2FBrands%2FJohn_Deere_logo.svg.png&w=3840&q=75","image/png","200","OK","1.1","Indexable","","","","","index, follow, max-image-preview:large, max-snippet:-1, max-video-preview:-1"
"https://leon-international.com/specialized/","text/html; charset=utf-8","200","OK","1.1","Indexable","","https://leon-international.com/specialized/","index, follow","index, follow, max-video-preview:-1, max-image-preview:large, max-snippet:-1","index, follow, max-image-preview:large, max-snippet:-1, max-video-preview:-1"
"https://leon-international.com/air-lifting-balloon/","text/html; charset=utf-8","200","OK","1.1","Indexable","","https://leon-international.com/air-lifting-balloon/","index, follow","index, follow, max-video-preview:-1, max-image-preview:large, max-snippet:-1","index, follow, max-image-preview:large, max-snippet:-1, max-video-preview:-1"
"https://leon-international.com/metal-stitching/","text/html; charset=utf-8","200","OK","1.1","Indexable","","https://leon-international.com/metal-stitching/","index, follow","index, follow, max-video-preview:-1, max-image-preview:large, max-snippet:-1","index, follow, max-image-preview:large, max-snippet:-1, max-video-preview:-1"
"https://leon-international.com/boiler-repair/","text/html; charset=utf-8","200","OK","1.1","Indexable","","https://leon-international.com/boiler-repair/","index, follow","index, follow, max-video-preview:-1, max-image-preview:large, max-snippet:-1","index, follow, max-image-preview:large, max-snippet:-1, max-video-preview:-1"
"https://leon-international.com/_next/image/?url=%2Fservices%2Fservice-7.webp&w=3840&q=75","image/jpeg","200","OK","1.1","Indexable","","","","","index, follow, max-image-preview:large, max-snippet:-1, max-video-preview:-1"
"https://leon-international.com/_next/image/?url=%2FProjects%2Floading_arms_repair.webp&w=3840&q=75","image/jpeg","200","OK","1.1","Indexable","","","","","index, follow, max-image-preview:large, max-snippet:-1, max-video-preview:-1"
"https://leon-international.com/mtu-parts/","text/html; charset=utf-8","200","OK","1.1","Indexable","","https://leon-international.com/mtu-parts/","index, follow","index, follow, max-video-preview:-1, max-image-preview:large, max-snippet:-1","index, follow, max-image-preview:large, max-snippet:-1, max-video-preview:-1"
"https://leon-international.com/_next/image/?url=%2FBrands%2FWauk.webp&w=3840&q=75","image/jpeg","200","OK","1.1","Indexable","","","","","index, follow, max-image-preview:large, max-snippet:-1, max-video-preview:-1"
"https://leon-international.com/Brands/b/images%20(1).png","image/png","200","OK","1.1","Indexable","","","","","index, follow, max-image-preview:large, max-snippet:-1, max-video-preview:-1"
"https://leon-international.com/_next/static/chunks/961311cbebbffb6d.js","application/javascript; charset=utf-8","200","OK","1.1","Indexable","","","","","index, follow, max-image-preview:large, max-snippet:-1, max-video-preview:-1"
"https://leon-international.com/_next/image/?url=%2FBrands%2FDeutz_Logo.svg.png&w=3840&q=75","image/png","200","OK","1.1","Indexable","","","","","index, follow, max-image-preview:large, max-snippet:-1, max-video-preview:-1"
"https://leon-international.com/_next/image/?url=%2FBrands%2FBergen-Logo-WHITE.webp&w=3840&q=75","image/jpeg","200","OK","1.1","Indexable","","","","","index, follow, max-image-preview:large, max-snippet:-1, max-video-preview:-1"
"https://leon-international.com/_next/image/?url=%2Fimages%2Fclients%2Fhilal.png&w=3840&q=75","image/png","200","OK","1.1","Indexable","","","","","index, follow, max-image-preview:large, max-snippet:-1, max-video-preview:-1"
"https://leon-international.com/_next/image/?url=%2FProjects%2Fmain_engine_overhaul.webp&w=3840&q=75","image/jpeg","200","OK","1.1","Indexable","","","","","index, follow, max-image-preview:large, max-snippet:-1, max-video-preview:-1"
"https://leon-international.com/privacy-policy/","text/html; charset=utf-8","200","OK","1.1","Indexable","","https://leon-international.com/privacy-policy/","index, follow","index, follow, max-video-preview:-1, max-image-preview:large, max-snippet:-1","index, follow, max-image-preview:large, max-snippet:-1, max-video-preview:-1"
"https://leon-international.com/_next/image/?url=%2FProjects%2Ffender_repair.webp&w=3840&q=75","image/jpeg","200","OK","1.1","Indexable","","","","","index, follow, max-image-preview:large, max-snippet:-1, max-video-preview:-1"
"https://leon-international.com/_next/image/?url=%2Fimages%2Fclients%2Fdipitt.png&w=3840&q=75","image/png","200","OK","1.1","Indexable","","","","","index, follow, max-image-preview:large, max-snippet:-1, max-video-preview:-1"
"https://leon-international.com/industrial-coatings/","text/html; charset=utf-8","200","OK","1.1","Indexable","","https://leon-international.com/industrial-coatings/","index, follow","index, follow, max-video-preview:-1, max-image-preview:large, max-snippet:-1","index, follow, max-image-preview:large, max-snippet:-1, max-video-preview:-1"
"https://leon-international.com/food-supply-chain-support/","text/html; charset=utf-8","200","OK","1.1","Non-Indexable","Canonicalised","https://leon-international.com/","index, follow","index, follow, max-video-preview:-1, max-image-preview:large, max-snippet:-1","index, follow, max-image-preview:large, max-snippet:-1, max-video-preview:-1"
"https://leon-international.com/Brands/b/images%20(2).png","image/png","200","OK","1.1","Indexable","","","","","index, follow, max-image-preview:large, max-snippet:-1, max-video-preview:-1"
"https://leon-international.com/mechanical-repair/","text/html; charset=utf-8","200","OK","1.1","Indexable","","https://leon-international.com/mechanical-repair/","index, follow","index, follow, max-video-preview:-1, max-image-preview:large, max-snippet:-1","index, follow, max-image-preview:large, max-snippet:-1, max-video-preview:-1"
"https://leon-international.com/man-parts/","text/html; charset=utf-8","200","OK","1.1","Indexable","","https://leon-international.com/man-parts/","index, follow","index, follow, max-video-preview:-1, max-image-preview:large, max-snippet:-1","index, follow, max-image-preview:large, max-snippet:-1, max-video-preview:-1"
"https://leon-international.com/_next/image/?url=%2FProducts%2Felectrical_equipment.webp&w=3840&q=75","image/jpeg","200","OK","1.1","Indexable","","","","","index, follow, max-image-preview:large, max-snippet:-1, max-video-preview:-1"
"https://leon-international.com/_next/image/?url=%2FProducts%2Fnavigation_systems.webp&w=3840&q=75","image/jpeg","200","OK","1.1","Indexable","","","","","index, follow, max-image-preview:large, max-snippet:-1, max-video-preview:-1"
"https://leon-international.com/support/","text/html; charset=utf-8","200","OK","1.1","Non-Indexable","Canonicalised","https://leon-international.com/","index, follow","index, follow, max-video-preview:-1, max-image-preview:large, max-snippet:-1","index, follow, max-image-preview:large, max-snippet:-1, max-video-preview:-1"
"https://leon-international.com/_next/static/chunks/8c803eebd7110630.js","application/javascript; charset=utf-8","200","OK","1.1","Indexable","","","","","index, follow, max-image-preview:large, max-snippet:-1, max-video-preview:-1"
"https://leon-international.com/electrical/","text/html; charset=utf-8","200","OK","1.1","Indexable","","https://leon-international.com/electrical/","index, follow","index, follow, max-video-preview:-1, max-image-preview:large, max-snippet:-1","index, follow, max-image-preview:large, max-snippet:-1, max-video-preview:-1"
"https://leon-international.com/_next/image/?url=%2FBrands%2F1956_Dieselring-1.webp&w=3840&q=75","image/jpeg","200","OK","1.1","Indexable","","","","","index, follow, max-image-preview:large, max-snippet:-1, max-video-preview:-1"
"https://leon-international.com/_next/static/chunks/73e3194f06db260e.js","application/javascript; charset=utf-8","200","OK","1.1","Indexable","","","","","index, follow, max-image-preview:large, max-snippet:-1, max-video-preview:-1"
"https://leon-international.com/ultrasonic-gauging/","text/html; charset=utf-8","200","OK","1.1","Indexable","","https://leon-international.com/ultrasonic-gauging/","index, follow","index, follow, max-video-preview:-1, max-image-preview:large, max-snippet:-1","index, follow, max-image-preview:large, max-snippet:-1, max-video-preview:-1"
"https://leon-international.com/fabrication/","text/html; charset=utf-8","200","OK","1.1","Indexable","","https://leon-international.com/fabrication/","index, follow","index, follow, max-video-preview:-1, max-image-preview:large, max-snippet:-1","index, follow, max-image-preview:large, max-snippet:-1, max-video-preview:-1"
"https://leon-international.com/_next/image/?url=%2Fhero-1.webp&w=3840&q=75","image/jpeg","200","OK","1.1","Indexable","","","","","index, follow, max-image-preview:large, max-snippet:-1, max-video-preview:-1"
"https://leon-international.com/custom-parts-fabrication/","text/html; charset=utf-8","200","OK","1.1","Indexable","","https://leon-international.com/custom-parts-fabrication/","index, follow","index, follow, max-video-preview:-1, max-image-preview:large, max-snippet:-1","index, follow, max-image-preview:large, max-snippet:-1, max-video-preview:-1"
"https://leon-international.com/_next/image/?url=%2FProducts%2Fengine_parts.webp&w=3840&q=75","image/webp","200","OK","1.1","Indexable","","","","","index, follow, max-image-preview:large, max-snippet:-1, max-video-preview:-1"
"https://leon-international.com/volvo-penta-parts/","text/html; charset=utf-8","200","OK","1.1","Indexable","","https://leon-international.com/volvo-penta-parts/","index, follow","index, follow, max-video-preview:-1, max-image-preview:large, max-snippet:-1","index, follow, max-image-preview:large, max-snippet:-1, max-video-preview:-1"
"https://leon-international.com/deck-machinery-overhauling/","text/html; charset=utf-8","200","OK","1.1","Indexable","","https://leon-international.com/deck-machinery-overhauling/","index, follow","index, follow, max-video-preview:-1, max-image-preview:large, max-snippet:-1","index, follow, max-image-preview:large, max-snippet:-1, max-video-preview:-1"
"https://leon-international.com/waukesha-parts/","text/html; charset=utf-8","200","OK","1.1","Indexable","","https://leon-international.com/waukesha-parts/","index, follow","index, follow, max-video-preview:-1, max-image-preview:large, max-snippet:-1","index, follow, max-image-preview:large, max-snippet:-1, max-video-preview:-1"
"https://leon-international.com/_next/image/?url=%2Fservices%2Fservice-5.webp&w=3840&q=75","image/webp","200","OK","1.1","Indexable","","","","","index, follow, max-image-preview:large, max-snippet:-1, max-video-preview:-1"
"https://leon-international.com/_next/image/?url=%2FBrands%2FWärtsilä-Logo.wine.png&w=3840&q=75","image/png","200","OK","1.1","Indexable","","","","","index, follow, max-image-preview:large, max-snippet:-1, max-video-preview:-1"
"https://leon-international.com/protective-coatings/","text/html; charset=utf-8","200","OK","1.1","Indexable","","https://leon-international.com/protective-coatings/","index, follow","index, follow, max-video-preview:-1, max-image-preview:large, max-snippet:-1","index, follow, max-image-preview:large, max-snippet:-1, max-video-preview:-1"
"https://leon-international.com/engine-parts/","text/html; charset=utf-8","200","OK","1.1","Indexable","","https://leon-international.com/engine-parts/","index, follow","index, follow, max-video-preview:-1, max-image-preview:large, max-snippet:-1","index, follow, max-image-preview:large, max-snippet:-1, max-video-preview:-1"
"https://leon-international.com/_next/image/?url=%2FProducts%2Fturbocharger_spares.webp&w=3840&q=75","image/jpeg","200","OK","1.1","Indexable","","","","","index, follow, max-image-preview:large, max-snippet:-1, max-video-preview:-1"
"https://leon-international.com/spare-parts-supply/","text/html; charset=utf-8","200","OK","1.1","Indexable","","https://leon-international.com/spare-parts-supply/","index, follow","index, follow, max-video-preview:-1, max-image-preview:large, max-snippet:-1","index, follow, max-image-preview:large, max-snippet:-1, max-video-preview:-1"
"https://leon-international.com/petroleum-equipment/","text/html; charset=utf-8","200","OK","1.1","Indexable","","https://leon-international.com/petroleum-equipment/","index, follow","index, follow, max-video-preview:-1, max-image-preview:large, max-snippet:-1","index, follow, max-image-preview:large, max-snippet:-1, max-video-preview:-1"
"https://leon-international.com/ship-repair/","text/html; charset=utf-8","200","OK","1.1","Indexable","","https://leon-international.com/ship-repair/","index, follow","index, follow, max-video-preview:-1, max-image-preview:large, max-snippet:-1","index, follow, max-image-preview:large, max-snippet:-1, max-video-preview:-1"
"https://leon-international.com/hvac/","text/html; charset=utf-8","200","OK","1.1","Indexable","","https://leon-international.com/hvac/","index, follow","index, follow, max-video-preview:-1, max-image-preview:large, max-snippet:-1","index, follow, max-image-preview:large, max-snippet:-1, max-video-preview:-1"
"https://leon-international.com/main-engine-spares/","text/html; charset=utf-8","200","OK","1.1","Indexable","","https://leon-international.com/main-engine-spares/","index, follow","index, follow, max-video-preview:-1, max-image-preview:large, max-snippet:-1","index, follow, max-image-preview:large, max-snippet:-1, max-video-preview:-1"
"https://leon-international.com/steel-structure-fabrication/","text/html; charset=utf-8","200","OK","1.1","Indexable","","https://leon-international.com/steel-structure-fabrication/","index, follow","index, follow, max-video-preview:-1, max-image-preview:large, max-snippet:-1","index, follow, max-image-preview:large, max-snippet:-1, max-video-preview:-1"
"https://leon-international.com/motor-rewinding/","text/html; charset=utf-8","200","OK","1.1","Indexable","","https://leon-international.com/motor-rewinding/","index, follow","index, follow, max-video-preview:-1, max-image-preview:large, max-snippet:-1","index, follow, max-image-preview:large, max-snippet:-1, max-video-preview:-1"
"https://leon-international.com/explosion-proof/","text/html; charset=utf-8","200","OK","1.1","Indexable","","https://leon-international.com/explosion-proof/","index, follow","index, follow, max-video-preview:-1, max-image-preview:large, max-snippet:-1","index, follow, max-image-preview:large, max-snippet:-1, max-video-preview:-1"
"https://leon-international.com/pcb-card-repair/","text/html; charset=utf-8","200","OK","1.1","Indexable","","https://leon-international.com/pcb-card-repair/","index, follow","index, follow, max-video-preview:-1, max-image-preview:large, max-snippet:-1","index, follow, max-image-preview:large, max-snippet:-1, max-video-preview:-1"
"https://leon-international.com/_next/image/?url=%2Fimages%2Fclients%2Fhabib.png&w=3840&q=75","image/png","200","OK","1.1","Indexable","","","","","index, follow, max-image-preview:large, max-snippet:-1, max-video-preview:-1"
"https://leon-international.com/_next/image/?url=%2Fabout-snapshot.webp&w=3840&q=75","image/jpeg","200","OK","1.1","Indexable","","","","","index, follow, max-image-preview:large, max-snippet:-1, max-video-preview:-1"
"https://leon-international.com/products/","text/html; charset=utf-8","200","OK","1.1","Indexable","","https://leon-international.com/products/","index, follow","index, follow, max-video-preview:-1, max-image-preview:large, max-snippet:-1","index, follow, max-image-preview:large, max-snippet:-1, max-video-preview:-1"
"https://leon-international.com/_next/image/?url=%2Fservices%2Fservice-2.webp&w=3840&q=75","image/jpeg","200","OK","1.1","Indexable","","","","","index, follow, max-image-preview:large, max-snippet:-1, max-video-preview:-1"
"https://leon-international.com/_next/image/?url=%2FProducts%2Fdiesel_generators.webp&w=3840&q=75","image/jpeg","200","OK","1.1","Indexable","","","","","index, follow, max-image-preview:large, max-snippet:-1, max-video-preview:-1"
"https://leon-international.com/ac-plant-repair/","text/html; charset=utf-8","200","OK","1.1","Indexable","","https://leon-international.com/ac-plant-repair/","index, follow","index, follow, max-video-preview:-1, max-image-preview:large, max-snippet:-1","index, follow, max-image-preview:large, max-snippet:-1, max-video-preview:-1"
"https://leon-international.com/_next/image/?url=%2FBrands%2FMitsubishi-logo.png&w=3840&q=75","image/png","200","OK","1.1","Indexable","","","","","index, follow, max-image-preview:large, max-snippet:-1, max-video-preview:-1"
"https://leon-international.com/_next/static/chunks/31a444d237a657cc.js","application/javascript; charset=utf-8","200","OK","1.1","Indexable","","","","","index, follow, max-image-preview:large, max-snippet:-1, max-video-preview:-1"
"https://leon-international.com/perkins-parts/","text/html; charset=utf-8","200","OK","1.1","Indexable","","https://leon-international.com/perkins-parts/","index, follow","index, follow, max-video-preview:-1, max-image-preview:large, max-snippet:-1","index, follow, max-image-preview:large, max-snippet:-1, max-video-preview:-1"
"https://leon-international.com/_next/image/?url=%2Fservices%2Fservice-3.webp&w=3840&q=75","image/jpeg","200","OK","1.1","Indexable","","","","","index, follow, max-image-preview:large, max-snippet:-1, max-video-preview:-1"
"https://leon-international.com/hydraulic-pump-overhauling/","text/html; charset=utf-8","200","OK","1.1","Indexable","","https://leon-international.com/hydraulic-pump-overhauling/","index, follow","index, follow, max-video-preview:-1, max-image-preview:large, max-snippet:-1","index, follow, max-image-preview:large, max-snippet:-1, max-video-preview:-1"
"https://leon-international.com/diesel-generators/","text/html; charset=utf-8","200","OK","1.1","Indexable","","https://leon-international.com/diesel-generators/","index, follow","index, follow, max-video-preview:-1, max-image-preview:large, max-snippet:-1","index, follow, max-image-preview:large, max-snippet:-1, max-video-preview:-1"
"https://leon-international.com/dry-docking-slts/","text/html; charset=utf-8","200","OK","1.1","Indexable","","https://leon-international.com/dry-docking-slts/","index, follow","index, follow, max-video-preview:-1, max-image-preview:large, max-snippet:-1","index, follow, max-image-preview:large, max-snippet:-1, max-video-preview:-1"
"https://leon-international.com/caterpillar-parts/","text/html; charset=utf-8","200","OK","1.1","Indexable","","https://leon-international.com/caterpillar-parts/","index, follow","index, follow, max-video-preview:-1, max-image-preview:large, max-snippet:-1","index, follow, max-image-preview:large, max-snippet:-1, max-video-preview:-1"
"https://leon-international.com/_next/image/?url=%2FBrands%2FDaihatsu-Logo.wine.png&w=3840&q=75","image/png","200","OK","1.1","Indexable","","","","","index, follow, max-image-preview:large, max-snippet:-1, max-video-preview:-1"
"https://leon-international.com/electrical-equipment/","text/html; charset=utf-8","200","OK","1.1","Indexable","","https://leon-international.com/electrical-equipment/","index, follow","index, follow, max-video-preview:-1, max-image-preview:large, max-snippet:-1","index, follow, max-image-preview:large, max-snippet:-1, max-video-preview:-1"
"https://leon-international.com/main-engine-generator-repair/","text/html; charset=utf-8","200","OK","1.1","Indexable","","https://leon-international.com/main-engine-generator-repair/","index, follow","index, follow, max-video-preview:-1, max-image-preview:large, max-snippet:-1","index, follow, max-image-preview:large, max-snippet:-1, max-video-preview:-1"
"https://leon-international.com/_next/static/chunks/bbefe6784d1b8931.css","text/css; charset=utf-8","200","OK","1.1","Indexable","","","","","index, follow, max-image-preview:large, max-snippet:-1, max-video-preview:-1"
"https://leon-international.com/_next/static/chunks/536cf5e3a3c77c87.js","application/javascript; charset=utf-8","200","OK","1.1","Indexable","","","","","index, follow, max-image-preview:large, max-snippet:-1, max-video-preview:-1"
"https://leon-international.com/ultrasonic-flaw-detection/","text/html; charset=utf-8","200","OK","1.1","Indexable","","https://leon-international.com/ultrasonic-flaw-detection/","index, follow","index, follow, max-video-preview:-1, max-image-preview:large, max-snippet:-1","index, follow, max-image-preview:large, max-snippet:-1, max-video-preview:-1"
"https://leon-international.com/hatch-cover-testing/","text/html; charset=utf-8","200","OK","1.1","Indexable","","https://leon-international.com/hatch-cover-testing/","index, follow","index, follow, max-video-preview:-1, max-image-preview:large, max-snippet:-1","index, follow, max-image-preview:large, max-snippet:-1, max-video-preview:-1"
"https://leon-international.com/major-ship-repair/","text/html; charset=utf-8","200","OK","1.1","Indexable","","https://leon-international.com/major-ship-repair/","index, follow","index, follow, max-video-preview:-1, max-image-preview:large, max-snippet:-1","index, follow, max-image-preview:large, max-snippet:-1, max-video-preview:-1"
"https://leon-international.com/deutz-parts/","text/html; charset=utf-8","200","OK","1.1","Indexable","","https://leon-international.com/deutz-parts/","index, follow","index, follow, max-video-preview:-1, max-image-preview:large, max-snippet:-1","index, follow, max-image-preview:large, max-snippet:-1, max-video-preview:-1"
"https://leon-international.com/dye-penetrant-testing/","text/html; charset=utf-8","200","OK","1.1","Indexable","","https://leon-international.com/dye-penetrant-testing/","index, follow","index, follow, max-video-preview:-1, max-image-preview:large, max-snippet:-1","index, follow, max-image-preview:large, max-snippet:-1, max-video-preview:-1"
"https://leon-international.com/ndt-inspection/","text/html; charset=utf-8","200","OK","1.1","Indexable","","https://leon-international.com/ndt-inspection/","index, follow","index, follow, max-video-preview:-1, max-image-preview:large, max-snippet:-1","index, follow, max-image-preview:large, max-snippet:-1, max-video-preview:-1"
"https://leon-international.com/crane-inspection/","text/html; charset=utf-8","200","OK","1.1","Indexable","","https://leon-international.com/crane-inspection/","index, follow","index, follow, max-video-preview:-1, max-image-preview:large, max-snippet:-1","index, follow, max-image-preview:large, max-snippet:-1, max-video-preview:-1"
"https://leon-international.com/_next/static/chunks/d96012bcfc98706a.js","application/javascript; charset=utf-8","200","OK","1.1","Indexable","","","","","index, follow, max-image-preview:large, max-snippet:-1, max-video-preview:-1"
"https://leon-international.com/_next/static/chunks/a6dad97d9634a72d.js","application/javascript; charset=utf-8","200","OK","1.1","Indexable","","","","","index, follow, max-image-preview:large, max-snippet:-1, max-video-preview:-1"
"https://leon-international.com/purifiers/","text/html; charset=utf-8","200","OK","1.1","Indexable","","https://leon-international.com/purifiers/","index, follow","index, follow, max-video-preview:-1, max-image-preview:large, max-snippet:-1","index, follow, max-image-preview:large, max-snippet:-1, max-video-preview:-1"
"https://leon-international.com/_next/image/?url=%2FBrands%2FStork_logo.jpg&w=3840&q=75","image/jpeg","200","OK","1.1","Indexable","","","","","index, follow, max-image-preview:large, max-snippet:-1, max-video-preview:-1"
"https://leon-international.com/welding-services/","text/html; charset=utf-8","200","OK","1.1","Indexable","","https://leon-international.com/welding-services/","index, follow","index, follow, max-video-preview:-1, max-image-preview:large, max-snippet:-1","index, follow, max-image-preview:large, max-snippet:-1, max-video-preview:-1"
"https://leon-international.com/_next/image/?url=%2FBrands%2FMTU_Aero_Engines_Logo.svg.png&w=3840&q=75","image/png","200","OK","1.1","Indexable","","","","","index, follow, max-image-preview:large, max-snippet:-1, max-video-preview:-1"
"https://leon-international.com/_next/image/?url=%2FBrands%2Fpng-transparent-sulzer-hd-logo.png&w=3840&q=75","image/png","200","OK","1.1","Indexable","","","","","index, follow, max-image-preview:large, max-snippet:-1, max-video-preview:-1"
"https://leon-international.com/gyro-compass-overhauling/","text/html; charset=utf-8","200","OK","1.1","Indexable","","https://leon-international.com/gyro-compass-overhauling/","index, follow","index, follow, max-video-preview:-1, max-image-preview:large, max-snippet:-1","index, follow, max-image-preview:large, max-snippet:-1, max-video-preview:-1"
"https://leon-international.com/_next/static/chunks/e756994e4b8bc318.css","text/css; charset=utf-8","200","OK","1.1","Indexable","","","","","index, follow, max-image-preview:large, max-snippet:-1, max-video-preview:-1"
"https://leon-international.com/Brands/b/images.png","image/png","200","OK","1.1","Indexable","","","","","index, follow, max-image-preview:large, max-snippet:-1, max-video-preview:-1"
"https://leon-international.com/_next/image/?url=%2Fimages%2Flogo-transparent.png&w=3840&q=75","image/png","200","OK","1.1","Indexable","","","","","index, follow, max-image-preview:large, max-snippet:-1, max-video-preview:-1"
"https://leon-international.com/_next/image/?url=%2Fservices%2Fservice-6.webp&w=3840&q=75","image/jpeg","200","OK","1.1","Indexable","","","","","index, follow, max-image-preview:large, max-snippet:-1, max-video-preview:-1"
"https://leon-international.com/_next/image/?url=%2FProducts%2Fpropulsion_systems.webp&w=3840&q=75","image/jpeg","200","OK","1.1","Indexable","","","","","index, follow, max-image-preview:large, max-snippet:-1, max-video-preview:-1"
"https://leon-international.com/_next/image/?url=%2FProducts%2Fdeck_machinery.webp&w=3840&q=75","image/jpeg","200","OK","1.1","Indexable","","","","","index, follow, max-image-preview:large, max-snippet:-1, max-video-preview:-1"
"https://leon-international.com/sandblasting/","text/html; charset=utf-8","200","OK","1.1","Indexable","","https://leon-international.com/sandblasting/","index, follow","index, follow, max-video-preview:-1, max-image-preview:large, max-snippet:-1","index, follow, max-image-preview:large, max-snippet:-1, max-video-preview:-1"
"https://leon-international.com/_next/static/chunks/0a71a7fad5e8323e.js","application/javascript; charset=utf-8","200","OK","1.1","Indexable","","","","","index, follow, max-image-preview:large, max-snippet:-1, max-video-preview:-1"
"https://leon-international.com/_next/static/chunks/d598f1f652e2d146.js","application/javascript; charset=utf-8","200","OK","1.1","Indexable","","","","","index, follow, max-image-preview:large, max-snippet:-1, max-video-preview:-1"
"https://leon-international.com/_next/image/?url=%2Fservices%2Fservice-8.webp&w=3840&q=75","image/jpeg","200","OK","1.1","Indexable","","","","","index, follow, max-image-preview:large, max-snippet:-1, max-video-preview:-1"
"https://leon-international.com/_next/image/?url=%2FProjects%2Fweighbridge_repair.webp&w=3840&q=75","image/jpeg","200","OK","1.1","Indexable","","","","","index, follow, max-image-preview:large, max-snippet:-1, max-video-preview:-1"
"https://leon-international.com/_next/image/?url=%2FBrands%2Fimages.jpg&w=3840&q=75","image/jpeg","200","OK","1.1","Indexable","","","","","index, follow, max-image-preview:large, max-snippet:-1, max-video-preview:-1"
"https://leon-international.com/Brands/b/Logo_Argosy-Shipping-Logistics.jpg","image/jpeg","200","OK","1.1","Indexable","","","","","index, follow, max-image-preview:large, max-snippet:-1, max-video-preview:-1"
"https://leon-international.com/support/technical-guides/","text/html; charset=utf-8","200","OK","1.1","Non-Indexable","Canonicalised","https://leon-international.com/","index, follow","index, follow, max-video-preview:-1, max-image-preview:large, max-snippet:-1","index, follow, max-image-preview:large, max-snippet:-1, max-video-preview:-1"
"https://leon-international.com/_next/image/?url=%2FBrands%2Fmak-initial-letter-monogram-logo-260nw-2269703761.webp&w=3840&q=75","image/webp","200","OK","1.1","Indexable","","","","","index, follow, max-image-preview:large, max-snippet:-1, max-video-preview:-1"
"https://leon-international.com/navigation-systems/","text/html; charset=utf-8","200","OK","1.1","Indexable","","https://leon-international.com/navigation-systems/","index, follow","index, follow, max-video-preview:-1, max-image-preview:large, max-snippet:-1","index, follow, max-image-preview:large, max-snippet:-1, max-video-preview:-1"
"https://leon-international.com/magnetic-particle-inspection/","text/html; charset=utf-8","200","OK","1.1","Indexable","","https://leon-international.com/magnetic-particle-inspection/","index, follow","index, follow, max-video-preview:-1, max-image-preview:large, max-snippet:-1","index, follow, max-image-preview:large, max-snippet:-1, max-video-preview:-1"
"https://leon-international.com/chemical-supplies/","text/html; charset=utf-8","200","OK","1.1","Non-Indexable","Canonicalised","https://leon-international.com/","index, follow","index, follow, max-video-preview:-1, max-image-preview:large, max-snippet:-1","index, follow, max-image-preview:large, max-snippet:-1, max-video-preview:-1"
"https://leon-international.com/_next/image/?url=%2Fimages%2Fclients%2Fhamdard.png&w=3840&q=75","image/png","200","OK","1.1","Indexable","","","","","index, follow, max-image-preview:large, max-snippet:-1, max-video-preview:-1"
"https://leon-international.com/_next/image/?url=%2Fimages%2Fclients%2Fcandyland.png&w=3840&q=75","image/png","200","OK","1.1","Indexable","","","","","index, follow, max-image-preview:large, max-snippet:-1, max-video-preview:-1"
"https://leon-international.com/projects/","text/html; charset=utf-8","200","OK","1.1","Indexable","","https://leon-international.com/projects/","index, follow","index, follow, max-video-preview:-1, max-image-preview:large, max-snippet:-1","index, follow, max-image-preview:large, max-snippet:-1, max-video-preview:-1"
"https://leon-international.com/_next/static/chunks/faf4a0202735b81c.js","application/javascript; charset=utf-8","200","OK","1.1","Indexable","","","","","index, follow, max-image-preview:large, max-snippet:-1, max-video-preview:-1"
"https://leon-international.com/cummins-parts/","text/html; charset=utf-8","200","OK","1.1","Indexable","","https://leon-international.com/cummins-parts/","index, follow","index, follow, max-video-preview:-1, max-image-preview:large, max-snippet:-1","index, follow, max-image-preview:large, max-snippet:-1, max-video-preview:-1"
"https://leon-international.com/about/","text/html; charset=utf-8","200","OK","1.1","Indexable","","https://leon-international.com/about/","index, follow","index, follow, max-video-preview:-1, max-image-preview:large, max-snippet:-1","index, follow, max-image-preview:large, max-snippet:-1, max-video-preview:-1"
"https://leon-international.com/air-compressors/","text/html; charset=utf-8","200","OK","1.1","Indexable","","https://leon-international.com/air-compressors/","index, follow","index, follow, max-video-preview:-1, max-image-preview:large, max-snippet:-1","index, follow, max-image-preview:large, max-snippet:-1, max-video-preview:-1"
"https://leon-international.com/contact/","text/html; charset=utf-8","200","OK","1.1","Indexable","","https://leon-international.com/contact/","index, follow","index, follow, max-video-preview:-1, max-image-preview:large, max-snippet:-1","index, follow, max-image-preview:large, max-snippet:-1, max-video-preview:-1"
"https://leon-international.com/hardness-testing/","text/html; charset=utf-8","200","OK","1.1","Indexable","","https://leon-international.com/hardness-testing/","index, follow","index, follow, max-video-preview:-1, max-image-preview:large, max-snippet:-1","index, follow, max-image-preview:large, max-snippet:-1, max-video-preview:-1"
"https://leon-international.com/mwm-parts/","text/html; charset=utf-8","200","OK","1.1","Indexable","","https://leon-international.com/mwm-parts/","index, follow","index, follow, max-video-preview:-1, max-image-preview:large, max-snippet:-1","index, follow, max-image-preview:large, max-snippet:-1, max-video-preview:-1"
"https://leon-international.com/auxiliary-engines/","text/html; charset=utf-8","200","OK","1.1","Indexable","","https://leon-international.com/auxiliary-engines/","index, follow","index, follow, max-video-preview:-1, max-image-preview:large, max-snippet:-1","index, follow, max-image-preview:large, max-snippet:-1, max-video-preview:-1"
"https://leon-international.com/terms-conditions/","text/html; charset=utf-8","200","OK","1.1","Indexable","","https://leon-international.com/terms-conditions/","index, follow","index, follow, max-video-preview:-1, max-image-preview:large, max-snippet:-1","index, follow, max-image-preview:large, max-snippet:-1, max-video-preview:-1"
"https://leon-international.com/blog/","text/html; charset=utf-8","200","OK","1.1","Indexable","","https://leon-international.com/blog/","index, follow","index, follow, max-video-preview:-1, max-image-preview:large, max-snippet:-1","index, follow, max-image-preview:large, max-snippet:-1, max-video-preview:-1"
"https://leon-international.com/Brands/b/images.jpg","image/jpeg","200","OK","1.1","Indexable","","","","","index, follow, max-image-preview:large, max-snippet:-1, max-video-preview:-1"
"https://leon-international.com/_next/image/?url=%2FBrands%2FPerkins-Logo.svg.png&w=3840&q=75","image/png","200","OK","1.1","Indexable","","","","","index, follow, max-image-preview:large, max-snippet:-1, max-video-preview:-1"
"https://leon-international.com/Brands/b/Apollonia-Lines-S.A..jpg","image/jpeg","200","OK","1.1","Indexable","","","","","index, follow, max-image-preview:large, max-snippet:-1, max-video-preview:-1"
"https://leon-international.com/turbocharger-spares/","text/html; charset=utf-8","200","OK","1.1","Indexable","","https://leon-international.com/turbocharger-spares/","index, follow","index, follow, max-video-preview:-1, max-image-preview:large, max-snippet:-1","index, follow, max-image-preview:large, max-snippet:-1, max-video-preview:-1"
"https://leon-international.com/_next/image/?url=%2FBrands%2Flogo_hanshin.png&w=3840&q=75","image/png","200","OK","1.1","Indexable","","","","","index, follow, max-image-preview:large, max-snippet:-1, max-video-preview:-1"
"https://leon-international.com/buoys-fabrication/","text/html; charset=utf-8","200","OK","1.1","Indexable","","https://leon-international.com/buoys-fabrication/","index, follow","index, follow, max-video-preview:-1, max-image-preview:large, max-snippet:-1","index, follow, max-image-preview:large, max-snippet:-1, max-video-preview:-1"
"https://leon-international.com/vessel-repair-anchorage/","text/html; charset=utf-8","200","OK","1.1","Indexable","","https://leon-international.com/vessel-repair-anchorage/","index, follow","index, follow, max-video-preview:-1, max-image-preview:large, max-snippet:-1","index, follow, max-image-preview:large, max-snippet:-1, max-video-preview:-1"
"https://leon-international.com/marine-tools-calibration/","text/html; charset=utf-8","200","OK","1.1","Indexable","","https://leon-international.com/marine-tools-calibration/","index, follow","index, follow, max-video-preview:-1, max-image-preview:large, max-snippet:-1","index, follow, max-image-preview:large, max-snippet:-1, max-video-preview:-1"
"https://leon-international.com/_next/image/?url=%2FBrands%2Flomb.jpg&w=3840&q=75","image/jpeg","200","OK","1.1","Indexable","","","","","index, follow, max-image-preview:large, max-snippet:-1, max-video-preview:-1"
"https://leon-international.com/_next/static/chunks/turbopack-4967da05aca84671.js","application/javascript; charset=utf-8","200","OK","1.1","Indexable","","","","","index, follow, max-image-preview:large, max-snippet:-1, max-video-preview:-1"
"https://leon-international.com/_next/static/chunks/645382108aacab6b.js","application/javascript; charset=utf-8","200","OK","1.1","Indexable","","","","","index, follow, max-image-preview:large, max-snippet:-1, max-video-preview:-1"
"https://leon-international.com/_next/image/?url=%2FBrands%2Fimages.png&w=3840&q=75","image/png","200","OK","1.1","Indexable","","","","","index, follow, max-image-preview:large, max-snippet:-1, max-video-preview:-1"
"https://leon-international.com/_next/image/?url=%2Fservices%2Fservice-4.webp&w=3840&q=75","image/jpeg","200","OK","1.1","Indexable","","","","","index, follow, max-image-preview:large, max-snippet:-1, max-video-preview:-1"
"https://leon-international.com/_next/image/?url=%2FProjects%2Fgenerator_overhauling.webp&w=3840&q=75","image/jpeg","200","OK","1.1","Indexable","","","","","index, follow, max-image-preview:large, max-snippet:-1, max-video-preview:-1"
"https://leon-international.com/cold-storage-repair/","text/html; charset=utf-8","200","OK","1.1","Indexable","","https://leon-international.com/cold-storage-repair/","index, follow","index, follow, max-video-preview:-1, max-image-preview:large, max-snippet:-1","index, follow, max-image-preview:large, max-snippet:-1, max-video-preview:-1"
"https://leon-international.com/_next/image/?url=%2FBrands%2Fyanmar-logo-png-transparent-png.webp&w=3840&q=75","image/webp","200","OK","1.1","Indexable","","","","","index, follow, max-image-preview:large, max-snippet:-1, max-video-preview:-1"
"https://leon-international.com/Brands/b/red-orange-logo-with-word-phoenix-it_20530-245.avif","image/avif","200","OK","1.1","Indexable","","","","","index, follow, max-image-preview:large, max-snippet:-1, max-video-preview:-1"
"https://leon-international.com/deck-machinery/","text/html; charset=utf-8","200","OK","1.1","Indexable","","https://leon-international.com/deck-machinery/","index, follow","index, follow, max-video-preview:-1, max-image-preview:large, max-snippet:-1","index, follow, max-image-preview:large, max-snippet:-1, max-video-preview:-1"
"https://leon-international.com/propulsion-systems/","text/html; charset=utf-8","200","OK","1.1","Indexable","","https://leon-international.com/propulsion-systems/","index, follow","index, follow, max-video-preview:-1, max-image-preview:large, max-snippet:-1","index, follow, max-image-preview:large, max-snippet:-1, max-video-preview:-1"
"https://leon-international.com/_next/image/?url=%2FBrands%2Flarge-60acc0b38d953907b012b08f-8c6a2fe8f862454ac702bb58ac24ff1de3129e431e5dab87d16be38e43a94177-60acc4f1_385_large_nR-cKw0AUq.jpg&w=3840&q=75","image/jpeg","200","OK","1.1","Indexable","","","","","index, follow, max-image-preview:large, max-snippet:-1, max-video-preview:-1"
"https://leon-international.com/_next/image/?url=%2FProjects%2Fbuoys_fabrication.webp&w=3840&q=75","image/jpeg","200","OK","1.1","Indexable","","","","","index, follow, max-image-preview:large, max-snippet:-1, max-video-preview:-1"
"https://leon-international.com/Brands/b/images%20(3).png","image/png","200","OK","1.1","Indexable","","","","","index, follow, max-image-preview:large, max-snippet:-1, max-video-preview:-1"
"https://leon-international.com/_next/static/chunks/f660277120e7011f.js","application/javascript; charset=utf-8","200","OK","1.1","Indexable","","","","","index, follow, max-image-preview:large, max-snippet:-1, max-video-preview:-1"
"https://leon-international.com/_next/image/?url=%2FBrands%2F365-3655053_logo-caterpillar-png-logos-that-start-with-cat.png&w=3840&q=75","image/jpeg","200","OK","1.1","Indexable","","","","","index, follow, max-image-preview:large, max-snippet:-1, max-video-preview:-1"
"https://leon-international.com/hydraulic-equipment/","text/html; charset=utf-8","200","OK","1.1","Indexable","","https://leon-international.com/hydraulic-equipment/","index, follow","index, follow, max-video-preview:-1, max-image-preview:large, max-snippet:-1","index, follow, max-image-preview:large, max-snippet:-1, max-video-preview:-1"
"https://leon-international.com/windlass-repair/","text/html; charset=utf-8","200","OK","1.1","Indexable","","https://leon-international.com/windlass-repair/","index, follow","index, follow, max-video-preview:-1, max-image-preview:large, max-snippet:-1","index, follow, max-image-preview:large, max-snippet:-1, max-video-preview:-1"
"https://leon-international.com/crane-load-test/","text/html; charset=utf-8","200","OK","1.1","Indexable","","https://leon-international.com/crane-load-test/","index, follow","index, follow, max-video-preview:-1, max-image-preview:large, max-snippet:-1","index, follow, max-image-preview:large, max-snippet:-1, max-video-preview:-1"
"https://leon-international.com/power-plant/","text/html; charset=utf-8","200","OK","1.1","Indexable","","https://leon-international.com/power-plant/","index, follow","index, follow, max-video-preview:-1, max-image-preview:large, max-snippet:-1","index, follow, max-image-preview:large, max-snippet:-1, max-video-preview:-1"
"https://leon-international.com/_next/image/?url=%2FBrands%2Fscania-1-logo-black-and-white.png&w=3840&q=75","image/png","200","OK","1.1","Indexable","","","","","index, follow, max-image-preview:large, max-snippet:-1, max-video-preview:-1"
"https://leon-international.com/_next/image/?url=%2Fimages%2Fclients%2Fahmed.png&w=3840&q=75","image/png","200","OK","1.1","Indexable","","","","","index, follow, max-image-preview:large, max-snippet:-1, max-video-preview:-1"
"https://leon-international.com/_next/image/?url=%2FBrands%2F35-355704_volvo-penta-logo-hd-png-download.png&w=3840&q=75","image/png","200","OK","1.1","Indexable","","","","","index, follow, max-image-preview:large, max-snippet:-1, max-video-preview:-1"
"https://leon-international.com/Brands/b/Asset-8@3x-1.png","image/png","200","OK","1.1","Indexable","","","","","index, follow, max-image-preview:large, max-snippet:-1, max-video-preview:-1"
"https://leon-international.com/transformer-rewinding/","text/html; charset=utf-8","200","OK","1.1","Indexable","","https://leon-international.com/transformer-rewinding/","index, follow","index, follow, max-video-preview:-1, max-image-preview:large, max-snippet:-1","index, follow, max-image-preview:large, max-snippet:-1, max-video-preview:-1"
"https://leon-international.com/services/","text/html; charset=utf-8","200","OK","1.1","Indexable","","https://leon-international.com/services/","index, follow","index, follow, max-video-preview:-1, max-image-preview:large, max-snippet:-1","index, follow, max-image-preview:large, max-snippet:-1, max-video-preview:-1"
"https://leon-international.com/_next/image/?url=%2Fservices%2Fservice-1.webp&w=3840&q=75","image/jpeg","200","OK","1.1","Indexable","","","","","index, follow, max-image-preview:large, max-snippet:-1, max-video-preview:-1"
"https://leon-international.com/_next/image/?url=%2FProducts%2Fhydraulic_equipment.webp&w=3840&q=75","image/jpeg","200","OK","1.1","Indexable","","","","","index, follow, max-image-preview:large, max-snippet:-1, max-video-preview:-1"
"https://leon-international.com/images/main-engine-generator-repair/banner.webp","image/webp","200","OK","1.1","Indexable","","","","","index, follow, max-image-preview:large, max-snippet:-1, max-video-preview:-1"
"https://leon-international.com/electrical-equipment-repair/","text/html; charset=utf-8","200","OK","1.1","Indexable","","https://leon-international.com/electrical-equipment-repair/","index, follow","index, follow, max-video-preview:-1, max-image-preview:large, max-snippet:-1","index, follow, max-image-preview:large, max-snippet:-1, max-video-preview:-1"
"https://leon-international.com/quote/","text/html; charset=utf-8","200","OK","1.1","Indexable","","https://leon-international.com/quote/","index, follow","index, follow, max-video-preview:-1, max-image-preview:large, max-snippet:-1","index, follow, max-image-preview:large, max-snippet:-1, max-video-preview:-1"
"https://leon-international.com/images/vessel-repair/banner.webp","image/webp","200","OK","1.1","Indexable","","","","","index, follow, max-image-preview:large, max-snippet:-1, max-video-preview:-1"
"https://leon-international.com/images/dye-penetrant-testing/banner.webp","image/webp","200","OK","1.1","Indexable","","","","","index, follow, max-image-preview:large, max-snippet:-1, max-video-preview:-1"
"https://leon-international.com/_next/image/?url=%2Fimages%2Fmajor-repair%2Fservice-1.webp&w=3840&q=75","image/jpeg","200","OK","1.1","Indexable","","","","","index, follow, max-image-preview:large, max-snippet:-1, max-video-preview:-1"
"https://leon-international.com/_next/image/?url=https%3A%2F%2Fimages.unsplash.com%2Fphoto-1582213782179-e0d53f98f2ca%3Fq%3D80%26w%3D1000%26auto%3Dformat%26fit%3Dcrop&w=3840&q=75","image/jpeg","200","OK","1.1","Indexable","","","","",""
"https://leon-international.com/blog/understanding-non-destructive-testing/","text/html; charset=utf-8","200","OK","1.1","Non-Indexable","Canonicalised","https://leon-international.com/blog/","index, follow","index, follow, max-video-preview:-1, max-image-preview:large, max-snippet:-1","index, follow, max-image-preview:large, max-snippet:-1, max-video-preview:-1"
"https://leon-international.com/_next/image/?url=%2Fimages%2Fmain-engine-generator-repair%2Fcomponent.webp&w=3840&q=75","image/jpeg","200","OK","1.1","Indexable","","","","","index, follow, max-image-preview:large, max-snippet:-1, max-video-preview:-1"
"https://leon-international.com/_next/image/?url=%2Fimages%2Fac-plant-repair%2Fcomponent.webp&w=3840&q=75","image/webp","200","OK","1.1","Indexable","","","","","index, follow, max-image-preview:large, max-snippet:-1, max-video-preview:-1"
"https://leon-international.com/blog/guide-marine-engine-maintenance/","text/html; charset=utf-8","200","OK","1.1","Non-Indexable","Canonicalised","https://leon-international.com/blog/","index, follow","index, follow, max-video-preview:-1, max-image-preview:large, max-snippet:-1","index, follow, max-image-preview:large, max-snippet:-1, max-video-preview:-1"
"https://leon-international.com/blog/emergency-ship-repair-anchorage-guide/","text/html; charset=utf-8","200","OK","1.1","Non-Indexable","Canonicalised","https://leon-international.com/blog/","index, follow","index, follow, max-video-preview:-1, max-image-preview:large, max-snippet:-1","index, follow, max-image-preview:large, max-snippet:-1, max-video-preview:-1"
"https://leon-international.com/_next/image/?url=%2Fimages%2Fcrane-inspection%2Fcomponent.webp&w=3840&q=75","image/webp","200","OK","1.1","Indexable","","","","","index, follow, max-image-preview:large, max-snippet:-1, max-video-preview:-1"
"https://leon-international.com/images/deck-machinery-overhauling/banner.webp","image/webp","200","OK","1.1","Indexable","","","","","index, follow, max-image-preview:large, max-snippet:-1, max-video-preview:-1"
"https://leon-international.com/images/ship-repair/banner.webp","image/webp","200","OK","1.1","Indexable","","","","","index, follow, max-image-preview:large, max-snippet:-1, max-video-preview:-1"
"https://leon-international.com/services-banner.webp","image/webp","200","OK","1.1","Indexable","","","","","index, follow, max-image-preview:large, max-snippet:-1, max-video-preview:-1"
"https://leon-international.com/_next/image/?url=%2Fimages%2Fcrane-load-test%2Fcomponent.webp&w=3840&q=75","image/webp","200","OK","1.1","Indexable","","","","","index, follow, max-image-preview:large, max-snippet:-1, max-video-preview:-1"
"https://leon-international.com/images/dry-docking/banner.webp","image/webp","200","OK","1.1","Indexable","","","","","index, follow, max-image-preview:large, max-snippet:-1, max-video-preview:-1"
"https://leon-international.com/images/ac-plant-repair/banner.webp","image/webp","200","OK","1.1","Indexable","","","","","index, follow, max-image-preview:large, max-snippet:-1, max-video-preview:-1"
"https://leon-international.com/_next/image/?url=%2Fimages%2Ftransformer-rewinding%2Fcomponent.webp&w=3840&q=75","image/jpeg","200","OK","1.1","Indexable","","","","","index, follow, max-image-preview:large, max-snippet:-1, max-video-preview:-1"
"https://leon-international.com/_next/image/?url=%2Fimages%2Fspecialized%2Fcomponent-v2.webp&w=3840&q=75","image/webp","200","OK","1.1","Indexable","","","","","index, follow, max-image-preview:large, max-snippet:-1, max-video-preview:-1"
"https://leon-international.com/images/ndt-inspection/banner.webp","image/webp","200","OK","1.1","Indexable","","","","","index, follow, max-image-preview:large, max-snippet:-1, max-video-preview:-1"
"https://leon-international.com/_next/image/?url=%2Fimages%2Fwindlass-repair%2Fcomponent.webp&w=3840&q=75","image/jpeg","200","OK","1.1","Indexable","","","","","index, follow, max-image-preview:large, max-snippet:-1, max-video-preview:-1"
"https://leon-international.com/_next/image/?url=%2Fimages%2Fship-repair%2Fservice-1.webp&w=3840&q=75","image/jpeg","200","OK","1.1","Indexable","","","","","index, follow, max-image-preview:large, max-snippet:-1, max-video-preview:-1"
"https://leon-international.com/images/fabrication/banner.webp","image/webp","200","OK","1.1","Indexable","","","","","index, follow, max-image-preview:large, max-snippet:-1, max-video-preview:-1"
"https://leon-international.com/images/motor-rewinding/banner.webp","image/webp","200","OK","1.1","Indexable","","","","","index, follow, max-image-preview:large, max-snippet:-1, max-video-preview:-1"
"https://leon-international.com/blog/signs-main-engine-needs-overhauling/","text/html; charset=utf-8","200","OK","1.1","Non-Indexable","Canonicalised","https://leon-international.com/blog/","index, follow","index, follow, max-video-preview:-1, max-image-preview:large, max-snippet:-1","index, follow, max-image-preview:large, max-snippet:-1, max-video-preview:-1"
"https://leon-international.com/_next/static/chunks/d4b1919b5df9cee6.js","application/javascript; charset=utf-8","200","OK","1.1","Indexable","","","","","index, follow, max-image-preview:large, max-snippet:-1, max-video-preview:-1"
"https://leon-international.com/_next/image/?url=%2Fimages%2Fcold-storage-repair%2Fcomponent.webp&w=3840&q=75","image/webp","200","OK","1.1","Indexable","","","","","index, follow, max-image-preview:large, max-snippet:-1, max-video-preview:-1"
"https://leon-international.com/images/crane-inspection/banner.webp","image/webp","200","OK","1.1","Indexable","","","","","index, follow, max-image-preview:large, max-snippet:-1, max-video-preview:-1"
"https://leon-international.com/_next/image/?url=%2Fimages%2Fboiler-repair%2Fcomponent.webp&w=3840&q=75","image/jpeg","200","OK","1.1","Indexable","","","","","index, follow, max-image-preview:large, max-snippet:-1, max-video-preview:-1"
"https://leon-international.com/images/electrical-equipment-repair/banner.webp","image/webp","200","OK","1.1","Indexable","","","","","index, follow, max-image-preview:large, max-snippet:-1, max-video-preview:-1"
"https://leon-international.com/_next/image/?url=%2Fimages%2Fgyro-compass-overhauling%2Fcomponent.webp&w=3840&q=75","image/webp","200","OK","1.1","Indexable","","","","","index, follow, max-image-preview:large, max-snippet:-1, max-video-preview:-1"
"https://leon-international.com/_next/image/?url=%2Fimages%2Fvessel-repair%2Fservice-1.webp&w=3840&q=75","image/jpeg","200","OK","1.1","Indexable","","","","","index, follow, max-image-preview:large, max-snippet:-1, max-video-preview:-1"
"https://leon-international.com/blog/oem-vs-aftermarket-marine-spares/","text/html; charset=utf-8","200","OK","1.1","Non-Indexable","Canonicalised","https://leon-international.com/blog/","index, follow","index, follow, max-video-preview:-1, max-image-preview:large, max-snippet:-1","index, follow, max-image-preview:large, max-snippet:-1, max-video-preview:-1"
"https://leon-international.com/_next/image/?url=%2Fimages%2Felectrical-equipment-repair%2Fcomponent.webp&w=3840&q=75","image/jpeg","200","OK","1.1","Indexable","","","","","index, follow, max-image-preview:large, max-snippet:-1, max-video-preview:-1"
"https://leon-international.com/_next/image/?url=%2Fimages%2Fhydraulic-pump-overhauling%2Fcomponent.webp&w=3840&q=75","image/jpeg","200","OK","1.1","Indexable","","","","","index, follow, max-image-preview:large, max-snippet:-1, max-video-preview:-1"
"https://leon-international.com/images/sandblasting/banner.webp","image/webp","200","OK","1.1","Indexable","","","","","index, follow, max-image-preview:large, max-snippet:-1, max-video-preview:-1"
"https://leon-international.com/_next/static/chunks/ef6d4a0109e2e97b.js","application/javascript; charset=utf-8","200","OK","1.1","Indexable","","","","","index, follow, max-image-preview:large, max-snippet:-1, max-video-preview:-1"
"https://leon-international.com/_next/static/chunks/d5010110c716785b.js","application/javascript; charset=utf-8","200","OK","1.1","Indexable","","","","","index, follow, max-image-preview:large, max-snippet:-1, max-video-preview:-1"
"https://leon-international.com/images/air-lifting-balloon/banner.webp","image/webp","200","OK","1.1","Indexable","","","","","index, follow, max-image-preview:large, max-snippet:-1, max-video-preview:-1"
"https://leon-international.com/images/chemical-supplies/banner.webp","image/webp","200","OK","1.1","Indexable","","","","","index, follow, max-image-preview:large, max-snippet:-1, max-video-preview:-1"
"https://leon-international.com/_next/image/?url=%2Fimages%2Fspare-parts-supply%2Fcomponent.webp&w=3840&q=75","image/jpeg","200","OK","1.1","Indexable","","","","","index, follow, max-image-preview:large, max-snippet:-1, max-video-preview:-1"
"https://leon-international.com/_next/static/chunks/cabf575e533c6c4b.js","application/javascript; charset=utf-8","200","OK","1.1","Indexable","","","","","index, follow, max-image-preview:large, max-snippet:-1, max-video-preview:-1"
"https://leon-international.com/blog/crane-load-testing-importance/","text/html; charset=utf-8","200","OK","1.1","Non-Indexable","Canonicalised","https://leon-international.com/blog/","index, follow","index, follow, max-video-preview:-1, max-image-preview:large, max-snippet:-1","index, follow, max-image-preview:large, max-snippet:-1, max-video-preview:-1"
"https://leon-international.com/images/hvac/banner.webp","image/webp","200","OK","1.1","Indexable","","","","","index, follow, max-image-preview:large, max-snippet:-1, max-video-preview:-1"
"https://leon-international.com/images/steel-structure/banner-v2.webp","image/webp","200","OK","1.1","Indexable","","","","","index, follow, max-image-preview:large, max-snippet:-1, max-video-preview:-1"
"https://leon-international.com/_next/image/?url=%2Fimages%2Fmarine-tools-calibration%2Fcomponent.webp&w=3840&q=75","image/webp","200","OK","1.1","Indexable","","","","","index, follow, max-image-preview:large, max-snippet:-1, max-video-preview:-1"
"https://leon-international.com/_next/image/?url=https%3A%2F%2Fimages.unsplash.com%2Fphoto-1582213782179-e0d53f98f2ca%3Fq%3D80%26w%3D2000%26auto%3Dformat%26fit%3Dcrop&w=3840&q=75","image/jpeg","200","OK","1.1","Indexable","","","","",""
"https://leon-international.com/_next/image/?url=%2Fimages%2Fndt-inspection%2Fcomponent.webp&w=3840&q=75","image/webp","200","OK","1.1","Indexable","","","","","index, follow, max-image-preview:large, max-snippet:-1, max-video-preview:-1"
"https://leon-international.com/_next/static/chunks/070d2e492f2812a7.js","application/javascript; charset=utf-8","200","OK","1.1","Indexable","","","","","index, follow, max-image-preview:large, max-snippet:-1, max-video-preview:-1"
"https://leon-international.com/images/protective-coatings/banner.webp","image/webp","200","OK","1.1","Indexable","","","","","index, follow, max-image-preview:large, max-snippet:-1, max-video-preview:-1"
"https://leon-international.com/images/pcb-card-repair/banner.webp","image/webp","200","OK","1.1","Indexable","","","","","index, follow, max-image-preview:large, max-snippet:-1, max-video-preview:-1"
"https://leon-international.com/support/technical-guides/man-bw-fuel-optimization/","text/html; charset=utf-8","200","OK","1.1","Non-Indexable","Canonicalised","https://leon-international.com/","index, follow","index, follow, max-video-preview:-1, max-image-preview:large, max-snippet:-1","index, follow, max-image-preview:large, max-snippet:-1, max-video-preview:-1"
"https://leon-international.com/images/mechanical-repair/banner.webp","image/webp","200","OK","1.1","Indexable","","","","","index, follow, max-image-preview:large, max-snippet:-1, max-video-preview:-1"
"https://leon-international.com/_next/image/?url=https%3A%2F%2Fimages.unsplash.com%2Fphoto-1504917595217-d4dc5ebe6122%3Fq%3D80%26w%3D2000%26auto%3Dformat%26fit%3Dcrop&w=3840&q=75","image/jpeg","200","OK","1.1","Indexable","","","","",""
"https://leon-international.com/images/windlass-repair/banner.webp","image/webp","200","OK","1.1","Indexable","","","","","index, follow, max-image-preview:large, max-snippet:-1, max-video-preview:-1"
"https://leon-international.com/_next/image/?url=%2Fimages%2Fsandblasting%2Fcomponent.webp&w=3840&q=75","image/webp","200","OK","1.1","Indexable","","","","","index, follow, max-image-preview:large, max-snippet:-1, max-video-preview:-1"
"https://leon-international.com/images/engine-parts/banner.webp","image/webp","200","OK","1.1","Indexable","","","","","index, follow, max-image-preview:large, max-snippet:-1, max-video-preview:-1"
"https://leon-international.com/_next/image/?url=https%3A%2F%2Fimages.unsplash.com%2Fphoto-1581092335397-9583eb92d232%3Fq%3D80%26w%3D1000%26auto%3Dformat%26fit%3Dcrop&w=3840&q=75","image/jpeg","200","OK","1.1","Indexable","","","","",""
"https://leon-international.com/_next/image/?url=%2Fimages%2Fultrasonic-gauging%2Fcomponent.webp&w=3840&q=75","image/webp","200","OK","1.1","Indexable","","","","","index, follow, max-image-preview:large, max-snippet:-1, max-video-preview:-1"
"https://leon-international.com/_next/image/?url=%2Fimages%2Fengine-parts%2Fcomponent.webp&w=3840&q=75","image/jpeg","200","OK","1.1","Indexable","","","","","index, follow, max-image-preview:large, max-snippet:-1, max-video-preview:-1"
"https://leon-international.com/images/hydraulic-pump-overhauling/banner.webp","image/webp","200","OK","1.1","Indexable","","","","","index, follow, max-image-preview:large, max-snippet:-1, max-video-preview:-1"
"https://leon-international.com/_next/image/?url=%2Fimages%2Fchemical-supplies%2Fcomponent.webp&w=3840&q=75","image/webp","200","OK","1.1","Indexable","","","","","index, follow, max-image-preview:large, max-snippet:-1, max-video-preview:-1"
"https://leon-international.com/images/custom-parts-fabrication/banner.webp","image/webp","200","OK","1.1","Indexable","","","","","index, follow, max-image-preview:large, max-snippet:-1, max-video-preview:-1"
"https://leon-international.com/images/boiler-repair/banner.webp","image/webp","200","OK","1.1","Indexable","","","","","index, follow, max-image-preview:large, max-snippet:-1, max-video-preview:-1"
"https://leon-international.com/images/ultrasonic-gauging/banner.webp","image/webp","200","OK","1.1","Indexable","","","","","index, follow, max-image-preview:large, max-snippet:-1, max-video-preview:-1"
"https://leon-international.com/images/hatch-cover-testing/banner.webp","image/webp","200","OK","1.1","Indexable","","","","","index, follow, max-image-preview:large, max-snippet:-1, max-video-preview:-1"
"https://leon-international.com/_next/static/chunks/e9b560506e22064d.js","application/javascript; charset=utf-8","200","OK","1.1","Indexable","","","","","index, follow, max-image-preview:large, max-snippet:-1, max-video-preview:-1"
"https://leon-international.com/_next/static/chunks/9a48e30dfedd5eaf.js","application/javascript; charset=utf-8","200","OK","1.1","Indexable","","","","","index, follow, max-image-preview:large, max-snippet:-1, max-video-preview:-1"
"https://leon-international.com/_next/image/?url=%2Fimages%2Fwelding%2Fservice-1.webp&w=3840&q=75","image/jpeg","200","OK","1.1","Indexable","","","","","index, follow, max-image-preview:large, max-snippet:-1, max-video-preview:-1"
"https://leon-international.com/_next/image/?url=%2Fimages%2Fmetal-stitching%2Fcomponent.webp&w=3840&q=75","image/webp","200","OK","1.1","Indexable","","","","","index, follow, max-image-preview:large, max-snippet:-1, max-video-preview:-1"
"https://leon-international.com/_next/image/?url=https%3A%2F%2Fimages.unsplash.com%2Fphoto-1504917595217-d4dc5ebe6122%3Fq%3D80%26w%3D1000%26auto%3Dformat%26fit%3Dcrop&w=3840&q=75","image/jpeg","200","OK","1.1","Indexable","","","","",""
"https://leon-international.com/_next/image/?url=%2Fimages%2Fmagnetic-particle-inspection%2Fcomponent.webp&w=3840&q=75","image/webp","200","OK","1.1","Indexable","","","","","index, follow, max-image-preview:large, max-snippet:-1, max-video-preview:-1"
"https://leon-international.com/_next/image/?url=%2Fimages%2Fcustom-parts-fabrication%2Fcomponent.webp&w=3840&q=75","image/jpeg","200","OK","1.1","Indexable","","","","","index, follow, max-image-preview:large, max-snippet:-1, max-video-preview:-1"
"https://leon-international.com/_next/image/?url=%2Fimages%2Fhatch-cover-testing%2Fcomponent.webp&w=3840&q=75","image/webp","200","OK","1.1","Indexable","","","","","index, follow, max-image-preview:large, max-snippet:-1, max-video-preview:-1"
"https://leon-international.com/_next/image/?url=%2Fimages%2Ffabrication%2Fservice-1.webp&w=3840&q=75","image/jpeg","200","OK","1.1","Indexable","","","","","index, follow, max-image-preview:large, max-snippet:-1, max-video-preview:-1"
"https://leon-international.com/images/ultrasonic-flaw-detection/banner.webp","image/webp","200","OK","1.1","Indexable","","","","","index, follow, max-image-preview:large, max-snippet:-1, max-video-preview:-1"
"https://leon-international.com/_next/image/?url=https%3A%2F%2Fimages.unsplash.com%2Fphoto-1581092335397-9583eb92d232%3Fq%3D80%26w%3D2000%26auto%3Dformat%26fit%3Dcrop&w=3840&q=75","image/jpeg","200","OK","1.1","Indexable","","","","",""
"https://leon-international.com/_next/image/?url=%2Fimages%2Fmechanical-repair%2Fcomponent.webp&w=3840&q=75","image/jpeg","200","OK","1.1","Indexable","","","","","index, follow, max-image-preview:large, max-snippet:-1, max-video-preview:-1"
"https://leon-international.com/images/crane-load-test/banner.webp","image/webp","200","OK","1.1","Indexable","","","","","index, follow, max-image-preview:large, max-snippet:-1, max-video-preview:-1"
"https://leon-international.com/_next/static/chunks/242fb5d04e75c976.js","application/javascript; charset=utf-8","200","OK","1.1","Indexable","","","","","index, follow, max-image-preview:large, max-snippet:-1, max-video-preview:-1"
"https://leon-international.com/_next/image/?url=%2Fimages%2Fsteel-structure%2Fservice-1.webp&w=3840&q=75","image/jpeg","200","OK","1.1","Indexable","","","","","index, follow, max-image-preview:large, max-snippet:-1, max-video-preview:-1"
"https://leon-international.com/_next/image/?url=%2Fimages%2Fair-lifting-balloon%2Fcomponent.webp&w=3840&q=75","image/jpeg","200","OK","1.1","Indexable","","","","","index, follow, max-image-preview:large, max-snippet:-1, max-video-preview:-1"
"https://leon-international.com/_next/image/?url=%2Fimages%2Fmotor-rewinding%2Fcomponent.webp&w=3840&q=75","image/jpeg","200","OK","1.1","Indexable","","","","","index, follow, max-image-preview:large, max-snippet:-1, max-video-preview:-1"
"https://leon-international.com/images/transformer-rewinding/banner.webp","image/webp","200","OK","1.1","Indexable","","","","","index, follow, max-image-preview:large, max-snippet:-1, max-video-preview:-1"
"https://leon-international.com/_next/image/?url=%2Fimages%2Fhvac%2Fcomponent.webp&w=3840&q=75","image/webp","200","OK","1.1","Indexable","","","","","index, follow, max-image-preview:large, max-snippet:-1, max-video-preview:-1"
"https://leon-international.com/blog/new-vs-reconditioned-marine-parts/","text/html; charset=utf-8","200","OK","1.1","Non-Indexable","Canonicalised","https://leon-international.com/blog/","index, follow","index, follow, max-video-preview:-1, max-image-preview:large, max-snippet:-1","index, follow, max-image-preview:large, max-snippet:-1, max-video-preview:-1"
"https://leon-international.com/_next/image/?url=%2Fimages%2Fdeck-machinery-overhauling%2Fcomponent.webp&w=3840&q=75","image/webp","200","OK","1.1","Indexable","","","","","index, follow, max-image-preview:large, max-snippet:-1, max-video-preview:-1"
"https://leon-international.com/_next/image/?url=%2Fimages%2Felectrical%2Fcomponent.webp&w=3840&q=75","image/jpeg","200","OK","1.1","Indexable","","","","","index, follow, max-image-preview:large, max-snippet:-1, max-video-preview:-1"
"https://leon-international.com/_next/image/?url=%2Fimages%2Fdye-penetrant-testing%2Fcomponent.webp&w=3840&q=75","image/webp","200","OK","1.1","Indexable","","","","","index, follow, max-image-preview:large, max-snippet:-1, max-video-preview:-1"
"https://leon-international.com/images/specialized/banner-v2.webp","image/webp","200","OK","1.1","Indexable","","","","","index, follow, max-image-preview:large, max-snippet:-1, max-video-preview:-1"
"https://leon-international.com/images/spare-parts-supply/banner.webp","image/webp","200","OK","1.1","Indexable","","","","","index, follow, max-image-preview:large, max-snippet:-1, max-video-preview:-1"
"https://leon-international.com/_next/image/?url=https%3A%2F%2Fimages.unsplash.com%2Fphoto-1581091226825-a6a2a5aee158%3Fq%3D80%26w%3D2000%26auto%3Dformat%26fit%3Dcrop&w=3840&q=75","image/jpeg","200","OK","1.1","Indexable","","","","",""
"https://leon-international.com/_next/image/?url=%2Fimages%2Ffood-supply-chain-support%2Fcomponent.webp&w=3840&q=75","image/webp","200","OK","1.1","Indexable","","","","","index, follow, max-image-preview:large, max-snippet:-1, max-video-preview:-1"
"https://leon-international.com/images/electrical/banner.webp","image/webp","200","OK","1.1","Indexable","","","","","index, follow, max-image-preview:large, max-snippet:-1, max-video-preview:-1"
"https://leon-international.com/_next/image/?url=%2Fimages%2Fpcb-card-repair%2Fcomponent.webp&w=3840&q=75","image/jpeg","200","OK","1.1","Indexable","","","","","index, follow, max-image-preview:large, max-snippet:-1, max-video-preview:-1"
"https://leon-international.com/images/metal-stitching/banner.webp","image/webp","200","OK","1.1","Indexable","","","","","index, follow, max-image-preview:large, max-snippet:-1, max-video-preview:-1"
"https://leon-international.com/_next/image/?url=https%3A%2F%2Fimages.unsplash.com%2Fphoto-1581091226825-a6a2a5aee158%3Fq%3D80%26w%3D1000%26auto%3Dformat%26fit%3Dcrop&w=3840&q=75","image/jpeg","200","OK","1.1","Indexable","","","","",""
"https://leon-international.com/_next/image/?url=%2Fimages%2Findustrial-coatings%2Fcomponent.webp&w=3840&q=75","image/webp","200","OK","1.1","Indexable","","","","","index, follow, max-image-preview:large, max-snippet:-1, max-video-preview:-1"
"https://leon-international.com/_next/image/?url=%2Fimages%2Fultrasonic-flaw-detection%2Fcomponent-v2.webp&w=3840&q=75","image/webp","200","OK","1.1","Indexable","","","","","index, follow, max-image-preview:large, max-snippet:-1, max-video-preview:-1"
"https://leon-international.com/blog/industrial-protective-coatings/","text/html; charset=utf-8","200","OK","1.1","Non-Indexable","Canonicalised","https://leon-international.com/blog/","index, follow","index, follow, max-video-preview:-1, max-image-preview:large, max-snippet:-1","index, follow, max-image-preview:large, max-snippet:-1, max-video-preview:-1"
"https://leon-international.com/images/industrial-coatings/banner.webp","image/webp","200","OK","1.1","Indexable","","","","","index, follow, max-image-preview:large, max-snippet:-1, max-video-preview:-1"
"https://leon-international.com/_next/image/?url=https%3A%2F%2Fimages.unsplash.com%2Fphoto-1581092160562-40aa08e78837%3Fq%3D80%26w%3D2000%26auto%3Dformat%26fit%3Dcrop&w=3840&q=75","image/jpeg","200","OK","1.1","Indexable","","","","",""
"https://leon-international.com/_next/image/?url=%2Fimages%2Fdry-docking%2Fservice-1.webp&w=3840&q=75","image/jpeg","200","OK","1.1","Indexable","","","","","index, follow, max-image-preview:large, max-snippet:-1, max-video-preview:-1"
"https://leon-international.com/images/gyro-compass-overhauling/banner.webp","image/webp","200","OK","1.1","Indexable","","","","","index, follow, max-image-preview:large, max-snippet:-1, max-video-preview:-1"
"https://leon-international.com/images/magnetic-particle-inspection/banner.webp","image/webp","200","OK","1.1","Indexable","","","","","index, follow, max-image-preview:large, max-snippet:-1, max-video-preview:-1"
"https://leon-international.com/images/buoys/banner.webp","image/webp","200","OK","1.1","Indexable","","","","","index, follow, max-image-preview:large, max-snippet:-1, max-video-preview:-1"
"https://leon-international.com/images/hardness-testing/banner.webp","image/webp","200","OK","1.1","Indexable","","","","","index, follow, max-image-preview:large, max-snippet:-1, max-video-preview:-1"
"https://leon-international.com/_next/static/chunks/266267101519d036.js","application/javascript; charset=utf-8","200","OK","1.1","Indexable","","","","","index, follow, max-image-preview:large, max-snippet:-1, max-video-preview:-1"
"https://leon-international.com/_next/image/?url=%2Fimages%2Fprotective-coatings%2Fcomponent.webp&w=3840&q=75","image/webp","200","OK","1.1","Indexable","","","","","index, follow, max-image-preview:large, max-snippet:-1, max-video-preview:-1"
"https://leon-international.com/images/cold-storage-repair/banner.webp","image/webp","200","OK","1.1","Indexable","","","","","index, follow, max-image-preview:large, max-snippet:-1, max-video-preview:-1"
"https://leon-international.com/_next/image/?url=%2Fimages%2Fbuoys%2Fservice-1.webp&w=3840&q=75","image/jpeg","200","OK","1.1","Indexable","","","","","index, follow, max-image-preview:large, max-snippet:-1, max-video-preview:-1"
"https://leon-international.com/images/major-repair/banner.webp","image/webp","200","OK","1.1","Indexable","","","","","index, follow, max-image-preview:large, max-snippet:-1, max-video-preview:-1"
"https://leon-international.com/_next/image/?url=%2Fimages%2Fhardness-testing%2Fcomponent.webp&w=3840&q=75","image/webp","200","OK","1.1","Indexable","","","","","index, follow, max-image-preview:large, max-snippet:-1, max-video-preview:-1"
"https://leon-international.com/images/food-supply-chain-support/banner.webp","image/webp","200","OK","1.1","Indexable","","","","","index, follow, max-image-preview:large, max-snippet:-1, max-video-preview:-1"
"https://leon-international.com/images/welding/banner.webp","image/webp","200","OK","1.1","Indexable","","","","","index, follow, max-image-preview:large, max-snippet:-1, max-video-preview:-1"
