"Address","Content Type","Status Code","Status","Indexability","Indexability Status","Hash","Length","Canonical Link Element 1","URL Encoded Address"
"https://leon-international.com/_next/image/?url=https%3A%2F%2Fimages.unsplash.com%2Fphoto-1621611135767-f2fb7079d2bf%3Fq%3D80%26w%3D1000%26auto%3Dformat%26fit%3Dcrop&w=3840&q=75","text/html; charset=utf-8","404","Not Found","Non-Indexable","Client Error","","177","","https://leon-international.com/_next/image/?url=https%3A%2F%2Fimages.unsplash.com%2Fphoto-1621611135767-f2fb7079d2bf%3Fq%3D80%26w%3D1000%26auto%3Dformat%26fit%3Dcrop&w=3840&q=75"
"https://leon-international.com/_next/image/?url=https%3A%2F%2Fimages.unsplash.com%2Fphoto-1521404098939-5561a293699b%3Fq%3D80%26w%3D2000%26auto%3Dformat%26fit%3Dcrop&w=3840&q=75","text/html; charset=utf-8","404","Not Found","Non-Indexable","Client Error","","177","","https://leon-international.com/_next/image/?url=https%3A%2F%2Fimages.unsplash.com%2Fphoto-1521404098939-5561a293699b%3Fq%3D80%26w%3D2000%26auto%3Dformat%26fit%3Dcrop&w=3840&q=75"
"https://leon-international.com/_next/image/?url=https%3A%2F%2Fimages.unsplash.com%2Fphoto-1621611135767-f2fb7079d2bf%3Fq%3D80%26w%3D2000%26auto%3Dformat%26fit%3Dcrop&w=3840&q=75","text/html; charset=utf-8","404","Not Found","Non-Indexable","Client Error","","177","","https://leon-international.com/_next/image/?url=https%3A%2F%2Fimages.unsplash.com%2Fphoto-1621611135767-f2fb7079d2bf%3Fq%3D80%26w%3D2000%26auto%3Dformat%26fit%3Dcrop&w=3840&q=75"
"https://leon-international.com/_next/image/?url=https%3A%2F%2Fimages.unsplash.com%2Fphoto-1532635293-68d0bb50702d%3Fq%3D80%26w%3D2000%26auto%3Dformat%26fit%3Dcrop&w=3840&q=75","text/html; charset=utf-8","404","Not Found","Non-Indexable","Client Error","","174","","https://leon-international.com/_next/image/?url=https%3A%2F%2Fimages.unsplash.com%2Fphoto-1532635293-68d0bb50702d%3Fq%3D80%26w%3D2000%26auto%3Dformat%26fit%3Dcrop&w=3840&q=75"
"https://leon-international.com/_next/image/?url=https%3A%2F%2Fimages.unsplash.com%2Fphoto-1563820619-da409bc2c423%3Fq%3D80%26w%3D2000%26auto%3Dformat%26fit%3Dcrop&w=3840&q=75","text/html; charset=utf-8","404","Not Found","Non-Indexable","Client Error","","174","","https://leon-international.com/_next/image/?url=https%3A%2F%2Fimages.unsplash.com%2Fphoto-1563820619-da409bc2c423%3Fq%3D80%26w%3D2000%26auto%3Dformat%26fit%3Dcrop&w=3840&q=75"
"https://leon-international.com/_next/image/?url=https%3A%2F%2Fimages.unsplash.com%2Fphoto-1542393278-f07bd0fb5d7c%3Fq%3D80%26w%3D2000%26auto%3Dformat%26fit%3Dcrop&w=3840&q=75","text/html; charset=utf-8","404","Not Found","Non-Indexable","Client Error","","174","","https://leon-international.com/_next/image/?url=https%3A%2F%2Fimages.unsplash.com%2Fphoto-1542393278-f07bd0fb5d7c%3Fq%3D80%26w%3D2000%26auto%3Dformat%26fit%3Dcrop&w=3840&q=75"
"https://leon-international.com/_next/image/?url=https%3A%2F%2Fimages.unsplash.com%2Fphoto-1542393278-f07bd0fb5d7c%3Fq%3D80%26w%3D1000%26auto%3Dformat%26fit%3Dcrop&w=3840&q=75","text/html; charset=utf-8","404","Not Found","Non-Indexable","Client Error","","174","","https://leon-international.com/_next/image/?url=https%3A%2F%2Fimages.unsplash.com%2Fphoto-1542393278-f07bd0fb5d7c%3Fq%3D80%26w%3D1000%26auto%3Dformat%26fit%3Dcrop&w=3840&q=75"
"https://leon-international.com/_next/image/?url=https%3A%2F%2Fimages.unsplash.com%2Fphoto-1574360416972-e034e4a7a1cc%3Fq%3D80%26w%3D2000%26auto%3Dformat%26fit%3Dcrop&w=3840&q=75","text/html; charset=utf-8","404","Not Found","Non-Indexable","Client Error","","177","","https://leon-international.com/_next/image/?url=https%3A%2F%2Fimages.unsplash.com%2Fphoto-1574360416972-e034e4a7a1cc%3Fq%3D80%26w%3D2000%26auto%3Dformat%26fit%3Dcrop&w=3840&q=75"
"https://leon-international.com/_next/image/?url=https%3A%2F%2Fimages.unsplash.com%2Fphoto-1533090368676-1fd25485ea2c%3Fq%3D80%26w%3D1000%26auto%3Dformat%26fit%3Dcrop&w=3840&q=75","text/html; charset=utf-8","404","Not Found","Non-Indexable","Client Error","","177","","https://leon-international.com/_next/image/?url=https%3A%2F%2Fimages.unsplash.com%2Fphoto-1533090368676-1fd25485ea2c%3Fq%3D80%26w%3D1000%26auto%3Dformat%26fit%3Dcrop&w=3840&q=75"
"https://leon-international.com/_next/image/?url=https%3A%2F%2Fimages.unsplash.com%2Fphoto-1533090368676-1fd25485ea2c%3Fq%3D80%26w%3D2000%26auto%3Dformat%26fit%3Dcrop&w=3840&q=75","text/html; charset=utf-8","404","Not Found","Non-Indexable","Client Error","","177","","https://leon-international.com/_next/image/?url=https%3A%2F%2Fimages.unsplash.com%2Fphoto-1533090368676-1fd25485ea2c%3Fq%3D80%26w%3D2000%26auto%3Dformat%26fit%3Dcrop&w=3840&q=75"
